gene,n_clusters_DE,clusters_DE,n_clusters_tested
Glyma.06G134900.Wm82.a4.v1,3,"0,5,8",7
Glyma.03G025600.Wm82.a4.v1,2,"5,8",7
Glyma.09G171000.Wm82.a4.v1,2,"5,8",7
Glyma.13G046200.Wm82.a4.v1,2,"8,9",7
Glyma.16G178800.Wm82.a4.v1,2,"5,8",7
Glyma.17G072400.Wm82.a4.v1,2,"5,8",7
Glyma.01G006700.Wm82.a4.v1,1,8,7
Glyma.01G022800.Wm82.a4.v1,1,8,7
Glyma.01G030500.Wm82.a4.v1,1,8,7
Glyma.01G044000.Wm82.a4.v1,1,8,7
Glyma.01G055400.Wm82.a4.v1,1,8,7
Glyma.01G056000.Wm82.a4.v1,1,8,7
Glyma.01G068000.Wm82.a4.v1,1,8,7
Glyma.01G073400.Wm82.a4.v1,1,8,7
Glyma.01G099800.Wm82.a4.v1,1,8,7
Glyma.01G133501.Wm82.a4.v1,1,8,7
Glyma.01G141900.Wm82.a4.v1,1,8,7
Glyma.01G145200.Wm82.a4.v1,1,8,7
Glyma.01G170300.Wm82.a4.v1,1,8,7
Glyma.01G203300.Wm82.a4.v1,1,8,7
Glyma.01G214300.Wm82.a4.v1,1,8,7
Glyma.01G219400.Wm82.a4.v1,1,8,7
Glyma.01G233300.Wm82.a4.v1,1,8,7
Glyma.01G238600.Wm82.a4.v1,1,8,7
Glyma.01G241400.Wm82.a4.v1,1,8,7
Glyma.02G035000.Wm82.a4.v1,1,8,7
Glyma.02G035600.Wm82.a4.v1,1,8,7
Glyma.02G036500.Wm82.a4.v1,1,8,7
Glyma.02G055800.Wm82.a4.v1,1,8,7
Glyma.02G124500.Wm82.a4.v1,1,8,7
Glyma.02G149900.Wm82.a4.v1,1,8,7
Glyma.02G157900.Wm82.a4.v1,1,8,7
Glyma.02G168900.Wm82.a4.v1,1,8,7
Glyma.02G179100.Wm82.a4.v1,1,8,7
Glyma.02G193200.Wm82.a4.v1,1,8,7
Glyma.02G204700.Wm82.a4.v1,1,8,7
Glyma.02G244300.Wm82.a4.v1,1,8,7
Glyma.02G250700.Wm82.a4.v1,1,8,7
Glyma.02G272800.Wm82.a4.v1,1,8,7
Glyma.02G303000.Wm82.a4.v1,1,8,7
Glyma.02G305600.Wm82.a4.v1,1,8,7
Glyma.03G005600.Wm82.a4.v1,1,8,7
Glyma.03G005900.Wm82.a4.v1,1,8,7
Glyma.03G068100.Wm82.a4.v1,1,8,7
Glyma.03G074600.Wm82.a4.v1,1,8,7
Glyma.03G085700.Wm82.a4.v1,1,8,7
Glyma.03G103600.Wm82.a4.v1,1,8,7
Glyma.03G135102.Wm82.a4.v1,1,8,7
Glyma.03G137000.Wm82.a4.v1,1,8,7
Glyma.03G141700.Wm82.a4.v1,1,8,7
Glyma.03G149900.Wm82.a4.v1,1,8,7
Glyma.03G178300.Wm82.a4.v1,1,8,7
Glyma.03G190500.Wm82.a4.v1,1,8,7
Glyma.03G192300.Wm82.a4.v1,1,8,7
Glyma.03G213802.Wm82.a4.v1,1,8,7
Glyma.03G222000.Wm82.a4.v1,1,8,7
Glyma.03G225500.Wm82.a4.v1,1,8,7
Glyma.03G232600.Wm82.a4.v1,1,8,7
Glyma.03G252300.Wm82.a4.v1,1,8,7
Glyma.03G257000.Wm82.a4.v1,1,8,7
Glyma.04G012700.Wm82.a4.v1,1,8,7
Glyma.04G014000.Wm82.a4.v1,1,8,7
Glyma.04G023700.Wm82.a4.v1,1,8,7
Glyma.04G033500.Wm82.a4.v1,1,8,7
Glyma.04G056200.Wm82.a4.v1,1,8,7
Glyma.04G062200.Wm82.a4.v1,1,8,7
Glyma.04G064700.Wm82.a4.v1,1,8,7
Glyma.04G064800.Wm82.a4.v1,1,8,7
Glyma.04G068500.Wm82.a4.v1,1,8,7
Glyma.04G096500.Wm82.a4.v1,1,8,7
Glyma.04G104200.Wm82.a4.v1,1,8,7
Glyma.04G106500.Wm82.a4.v1,1,8,7
Glyma.04G123800.Wm82.a4.v1,1,8,7
Glyma.04G185000.Wm82.a4.v1,1,8,7
Glyma.04G215400.Wm82.a4.v1,1,8,7
Glyma.04G220900.Wm82.a4.v1,1,8,7
Glyma.05G007100.Wm82.a4.v1,1,8,7
Glyma.05G022200.Wm82.a4.v1,1,8,7
Glyma.05G068000.Wm82.a4.v1,1,8,7
Glyma.05G082400.Wm82.a4.v1,1,8,7
Glyma.05G090400.Wm82.a4.v1,1,8,7
Glyma.05G095600.Wm82.a4.v1,1,8,7
Glyma.05G149900.Wm82.a4.v1,1,5,7
Glyma.05G162800.Wm82.a4.v1,1,8,7
Glyma.05G167600.Wm82.a4.v1,1,8,7
Glyma.05G180500.Wm82.a4.v1,1,8,7
Glyma.05G183600.Wm82.a4.v1,1,8,7
Glyma.05G184900.Wm82.a4.v1,1,8,7
Glyma.05G221800.Wm82.a4.v1,1,8,7
Glyma.05G232700.Wm82.a4.v1,1,8,7
Glyma.05G240100.Wm82.a4.v1,1,8,7
Glyma.05G243000.Wm82.a4.v1,1,8,7
Glyma.06G012400.Wm82.a4.v1,1,8,7
Glyma.06G012600.Wm82.a4.v1,1,8,7
Glyma.06G033700.Wm82.a4.v1,1,8,7
Glyma.06G054700.Wm82.a4.v1,1,8,7
Glyma.06G112600.Wm82.a4.v1,1,8,7
Glyma.06G127900.Wm82.a4.v1,1,8,7
Glyma.06G144100.Wm82.a4.v1,1,8,7
Glyma.06G157800.Wm82.a4.v1,1,8,7
Glyma.06G165700.Wm82.a4.v1,1,8,7
Glyma.06G172551.Wm82.a4.v1,1,8,7
Glyma.06G179200.Wm82.a4.v1,1,8,7
Glyma.06G242800.Wm82.a4.v1,1,8,7
Glyma.06G263300.Wm82.a4.v1,1,8,7
Glyma.06G318200.Wm82.a4.v1,1,8,7
Glyma.07G028800.Wm82.a4.v1,1,8,7
Glyma.07G053100.Wm82.a4.v1,1,8,7
Glyma.07G061500.Wm82.a4.v1,1,8,7
Glyma.07G102700.Wm82.a4.v1,1,8,7
Glyma.07G112000.Wm82.a4.v1,1,8,7
Glyma.07G139300.Wm82.a4.v1,1,8,7
Glyma.07G151800.Wm82.a4.v1,1,8,7
Glyma.07G156100.Wm82.a4.v1,1,8,7
Glyma.07G185400.Wm82.a4.v1,1,8,7
Glyma.07G185500.Wm82.a4.v1,1,8,7
Glyma.07G190100.Wm82.a4.v1,1,8,7
Glyma.07G200300.Wm82.a4.v1,1,8,7
Glyma.07G201300.Wm82.a4.v1,1,8,7
Glyma.07G219000.Wm82.a4.v1,1,8,7
Glyma.07G222900.Wm82.a4.v1,1,8,7
Glyma.07G228400.Wm82.a4.v1,1,8,7
Glyma.07G239600.Wm82.a4.v1,1,8,7
Glyma.07G251200.Wm82.a4.v1,1,5,7
Glyma.07G258500.Wm82.a4.v1,1,8,7
Glyma.07G258700.Wm82.a4.v1,1,8,7
Glyma.07G262100.Wm82.a4.v1,1,8,7
Glyma.08G028300.Wm82.a4.v1,1,8,7
Glyma.08G062300.Wm82.a4.v1,1,8,7
Glyma.08G069000.Wm82.a4.v1,1,8,7
Glyma.08G106700.Wm82.a4.v1,1,8,7
Glyma.08G141400.Wm82.a4.v1,1,8,7
Glyma.08G175900.Wm82.a4.v1,1,8,7
Glyma.08G204600.Wm82.a4.v1,1,8,7
Glyma.08G209800.Wm82.a4.v1,1,8,7
Glyma.08G214000.Wm82.a4.v1,1,8,7
Glyma.08G217400.Wm82.a4.v1,1,8,7
Glyma.08G232100.Wm82.a4.v1,1,8,7
Glyma.08G242100.Wm82.a4.v1,1,8,7
Glyma.08G259500.Wm82.a4.v1,1,8,7
Glyma.08G288600.Wm82.a4.v1,1,8,7
Glyma.08G293100.Wm82.a4.v1,1,8,7
Glyma.08G308200.Wm82.a4.v1,1,8,7
Glyma.08G328800.Wm82.a4.v1,1,8,7
Glyma.09G004400.Wm82.a4.v1,1,8,7
Glyma.09G008100.Wm82.a4.v1,1,8,7
Glyma.09G019900.Wm82.a4.v1,1,8,7
Glyma.09G041600.Wm82.a4.v1,1,8,7
Glyma.09G041900.Wm82.a4.v1,1,8,7
Glyma.09G072100.Wm82.a4.v1,1,8,7
Glyma.09G087200.Wm82.a4.v1,1,8,7
Glyma.09G098900.Wm82.a4.v1,1,8,7
Glyma.09G104000.Wm82.a4.v1,1,8,7
Glyma.09G144800.Wm82.a4.v1,1,8,7
Glyma.09G173400.Wm82.a4.v1,1,8,7
Glyma.09G218500.Wm82.a4.v1,1,8,7
Glyma.09G259200.Wm82.a4.v1,1,8,7
Glyma.09G262200.Wm82.a4.v1,1,8,7
Glyma.10G049900.Wm82.a4.v1,1,8,7
Glyma.10G051100.Wm82.a4.v1,1,8,7
Glyma.10G064200.Wm82.a4.v1,1,8,7
Glyma.10G075300.Wm82.a4.v1,1,8,7
Glyma.10G083700.Wm82.a4.v1,1,8,7
Glyma.10G130200.Wm82.a4.v1,1,8,7
Glyma.10G146800.Wm82.a4.v1,1,8,7
Glyma.10G159700.Wm82.a4.v1,1,8,7
Glyma.10G180600.Wm82.a4.v1,1,8,7
Glyma.10G193200.Wm82.a4.v1,1,8,7
Glyma.10G236500.Wm82.a4.v1,1,8,7
Glyma.10G241000.Wm82.a4.v1,1,8,7
Glyma.10G257800.Wm82.a4.v1,1,8,7
Glyma.11G003200.Wm82.a4.v1,1,8,7
Glyma.11G007100.Wm82.a4.v1,1,8,7
Glyma.11G020700.Wm82.a4.v1,1,8,7
Glyma.11G024100.Wm82.a4.v1,1,8,7
Glyma.11G030500.Wm82.a4.v1,1,8,7
Glyma.11G037100.Wm82.a4.v1,1,8,7
Glyma.11G057600.Wm82.a4.v1,1,8,7
Glyma.11G091400.Wm82.a4.v1,1,8,7
Glyma.11G092900.Wm82.a4.v1,1,8,7
Glyma.11G094500.Wm82.a4.v1,1,8,7
Glyma.11G099400.Wm82.a4.v1,1,8,7
Glyma.11G147200.Wm82.a4.v1,1,8,7
Glyma.11G172401.Wm82.a4.v1,1,8,7
Glyma.11G173100.Wm82.a4.v1,1,8,7
Glyma.11G177001.Wm82.a4.v1,1,8,7
Glyma.11G232500.Wm82.a4.v1,1,8,7
Glyma.11G242200.Wm82.a4.v1,1,8,7
Glyma.11G246600.Wm82.a4.v1,1,8,7
Glyma.12G013100.Wm82.a4.v1,1,8,7
Glyma.12G078100.Wm82.a4.v1,1,8,7
Glyma.12G085900.Wm82.a4.v1,1,8,7
Glyma.12G138800.Wm82.a4.v1,1,8,7
Glyma.12G166200.Wm82.a4.v1,1,8,7
Glyma.12G197100.Wm82.a4.v1,1,8,7
Glyma.12G223100.Wm82.a4.v1,1,8,7
Glyma.12G227800.Wm82.a4.v1,1,8,7
Glyma.12G228400.Wm82.a4.v1,1,8,7
Glyma.12G231800.Wm82.a4.v1,1,8,7
Glyma.13G003000.Wm82.a4.v1,1,8,7
Glyma.13G048500.Wm82.a4.v1,1,8,7
Glyma.13G089100.Wm82.a4.v1,1,8,7
Glyma.13G102000.Wm82.a4.v1,1,8,7
Glyma.13G131200.Wm82.a4.v1,1,8,7
Glyma.13G165700.Wm82.a4.v1,1,8,7
Glyma.13G175700.Wm82.a4.v1,1,8,7
Glyma.13G192600.Wm82.a4.v1,1,8,7
Glyma.13G197500.Wm82.a4.v1,1,8,7
Glyma.13G212900.Wm82.a4.v1,1,8,7
Glyma.13G224300.Wm82.a4.v1,1,8,7
Glyma.13G278700.Wm82.a4.v1,1,8,7
Glyma.13G311000.Wm82.a4.v1,1,8,7
Glyma.13G354600.Wm82.a4.v1,1,8,7
Glyma.13G371900.Wm82.a4.v1,1,8,7
Glyma.14G004100.Wm82.a4.v1,1,8,7
Glyma.14G007700.Wm82.a4.v1,1,8,7
Glyma.14G010900.Wm82.a4.v1,1,8,7
Glyma.14G018200.Wm82.a4.v1,1,8,7
Glyma.14G023300.Wm82.a4.v1,1,8,7
Glyma.14G045700.Wm82.a4.v1,1,8,7
Glyma.14G066000.Wm82.a4.v1,1,8,7
Glyma.14G082900.Wm82.a4.v1,1,8,7
Glyma.14G093600.Wm82.a4.v1,1,8,7
Glyma.14G096800.Wm82.a4.v1,1,8,7
Glyma.14G106500.Wm82.a4.v1,1,8,7
Glyma.14G106700.Wm82.a4.v1,1,8,7
Glyma.14G113900.Wm82.a4.v1,1,8,7
Glyma.14G118200.Wm82.a4.v1,1,8,7
Glyma.14G124550.Wm82.a4.v1,1,8,7
Glyma.14G130700.Wm82.a4.v1,1,8,7
Glyma.14G211000.Wm82.a4.v1,1,8,7
Glyma.14G214800.Wm82.a4.v1,1,8,7
Glyma.15G002002.Wm82.a4.v1,1,8,7
Glyma.15G011200.Wm82.a4.v1,1,8,7
Glyma.15G021400.Wm82.a4.v1,1,8,7
Glyma.15G038100.Wm82.a4.v1,1,8,7
Glyma.15G038200.Wm82.a4.v1,1,8,7
Glyma.15G038700.Wm82.a4.v1,1,8,7
Glyma.15G051500.Wm82.a4.v1,1,8,7
Glyma.15G057600.Wm82.a4.v1,1,8,7
Glyma.15G076500.Wm82.a4.v1,1,8,7
Glyma.15G077700.Wm82.a4.v1,1,8,7
Glyma.15G094600.Wm82.a4.v1,1,8,7
Glyma.15G100200.Wm82.a4.v1,1,8,7
Glyma.15G127500.Wm82.a4.v1,1,8,7
Glyma.15G160700.Wm82.a4.v1,1,8,7
Glyma.15G180900.Wm82.a4.v1,1,8,7
Glyma.15G190200.Wm82.a4.v1,1,8,7
Glyma.15G213600.Wm82.a4.v1,1,8,7
Glyma.15G243100.Wm82.a4.v1,1,8,7
Glyma.15G251600.Wm82.a4.v1,1,8,7
Glyma.15G270000.Wm82.a4.v1,1,8,7
Glyma.15G271800.Wm82.a4.v1,1,8,7
Glyma.16G012000.Wm82.a4.v1,1,8,7
Glyma.16G040500.Wm82.a4.v1,1,8,7
Glyma.16G044900.Wm82.a4.v1,1,8,7
Glyma.16G072600.Wm82.a4.v1,1,8,7
Glyma.16G100400.Wm82.a4.v1,1,8,7
Glyma.16G100800.Wm82.a4.v1,1,8,7
Glyma.16G101000.Wm82.a4.v1,1,8,7
Glyma.16G114900.Wm82.a4.v1,1,8,7
Glyma.16G115000.Wm82.a4.v1,1,8,7
Glyma.16G115700.Wm82.a4.v1,1,8,7
Glyma.16G117900.Wm82.a4.v1,1,8,7
Glyma.16G123000.Wm82.a4.v1,1,8,7
Glyma.16G125100.Wm82.a4.v1,1,8,7
Glyma.16G143200.Wm82.a4.v1,1,8,7
Glyma.16G145700.Wm82.a4.v1,1,8,7
Glyma.16G154800.Wm82.a4.v1,1,8,7
Glyma.16G156100.Wm82.a4.v1,1,8,7
Glyma.16G159700.Wm82.a4.v1,1,8,7
Glyma.16G176000.Wm82.a4.v1,1,8,7
Glyma.16G202400.Wm82.a4.v1,1,8,7
Glyma.16G206200.Wm82.a4.v1,1,8,7
Glyma.16G208600.Wm82.a4.v1,1,8,7
Glyma.16G214669.Wm82.a4.v1,1,8,7
Glyma.17G018000.Wm82.a4.v1,1,8,7
Glyma.17G021800.Wm82.a4.v1,1,8,7
Glyma.17G040700.Wm82.a4.v1,1,8,7
Glyma.17G044500.Wm82.a4.v1,1,8,7
Glyma.17G073200.Wm82.a4.v1,1,8,7
Glyma.17G095000.Wm82.a4.v1,1,8,7
Glyma.17G109700.Wm82.a4.v1,1,8,7
Glyma.17G138800.Wm82.a4.v1,1,8,7
Glyma.17G138900.Wm82.a4.v1,1,8,7
Glyma.17G148200.Wm82.a4.v1,1,8,7
Glyma.17G150900.Wm82.a4.v1,1,8,7
Glyma.17G174900.Wm82.a4.v1,1,8,7
Glyma.17G197700.Wm82.a4.v1,1,8,7
Glyma.17G202700.Wm82.a4.v1,1,8,7
Glyma.17G218800.Wm82.a4.v1,1,8,7
Glyma.17G223900.Wm82.a4.v1,1,8,7
Glyma.17G224000.Wm82.a4.v1,1,8,7
Glyma.17G230700.Wm82.a4.v1,1,8,7
Glyma.17G252600.Wm82.a4.v1,1,8,7
Glyma.17G252900.Wm82.a4.v1,1,8,7
Glyma.18G014900.Wm82.a4.v1,1,8,7
Glyma.18G034100.Wm82.a4.v1,1,8,7
Glyma.18G034600.Wm82.a4.v1,1,8,7
Glyma.18G036400.Wm82.a4.v1,1,8,7
Glyma.18G062000.Wm82.a4.v1,1,8,7
Glyma.18G111900.Wm82.a4.v1,1,8,7
Glyma.18G195200.Wm82.a4.v1,1,8,7
Glyma.18G203200.Wm82.a4.v1,1,8,7
Glyma.18G226850.Wm82.a4.v1,1,8,7
Glyma.18G228700.Wm82.a4.v1,1,8,7
Glyma.18G242900.Wm82.a4.v1,1,8,7
Glyma.18G244500.Wm82.a4.v1,1,8,7
Glyma.18G259700.Wm82.a4.v1,1,8,7
Glyma.18G279800.Wm82.a4.v1,1,8,7
Glyma.18G284900.Wm82.a4.v1,1,8,7
Glyma.18G289000.Wm82.a4.v1,1,8,7
Glyma.19G011400.Wm82.a4.v1,1,8,7
Glyma.19G138000.Wm82.a4.v1,1,8,7
Glyma.19G139300.Wm82.a4.v1,1,8,7
Glyma.19G140200.Wm82.a4.v1,1,8,7
Glyma.19G147400.Wm82.a4.v1,1,8,7
Glyma.19G155000.Wm82.a4.v1,1,8,7
Glyma.19G166500.Wm82.a4.v1,1,8,7
Glyma.19G173300.Wm82.a4.v1,1,8,7
Glyma.19G173600.Wm82.a4.v1,1,8,7
Glyma.19G191100.Wm82.a4.v1,1,0,7
Glyma.19G211000.Wm82.a4.v1,1,8,7
Glyma.19G217700.Wm82.a4.v1,1,8,7
Glyma.19G219100.Wm82.a4.v1,1,8,7
Glyma.19G222500.Wm82.a4.v1,1,8,7
Glyma.19G232400.Wm82.a4.v1,1,8,7
Glyma.19G247500.Wm82.a4.v1,1,8,7
Glyma.19G258500.Wm82.a4.v1,1,8,7
Glyma.19G260600.Wm82.a4.v1,1,8,7
Glyma.20G015900.Wm82.a4.v1,1,8,7
Glyma.20G017200.Wm82.a4.v1,1,8,7
Glyma.20G018500.Wm82.a4.v1,1,8,7
Glyma.20G021900.Wm82.a4.v1,1,8,7
Glyma.20G053400.Wm82.a4.v1,1,8,7
Glyma.20G055800.Wm82.a4.v1,1,8,7
Glyma.20G079300.Wm82.a4.v1,1,8,7
Glyma.20G084500.Wm82.a4.v1,1,8,7
Glyma.20G091200.Wm82.a4.v1,1,8,7
Glyma.20G097700.Wm82.a4.v1,1,8,7
Glyma.20G130366.Wm82.a4.v1,1,8,7
Glyma.20G166400.Wm82.a4.v1,1,8,7
Glyma.20G184800.Wm82.a4.v1,1,8,7
Glyma.20G196900.Wm82.a4.v1,1,8,7
Glyma.20G197100.Wm82.a4.v1,1,8,7
Glyma.20G204500.Wm82.a4.v1,1,8,7
Glyma.20G231400.Wm82.a4.v1,1,8,7
Glyma.20G237200.Wm82.a4.v1,1,8,7
Glyma.U031615.Wm82.a4.v1,1,8,7
