GO,AUC,AVG_NODE_DEGREE,DEGREE_NULL_AUC,P_Value,n_genes,namespace,term_name,is_obsolete
GO:0042542,0.986191818258133,5063.18944746922,0.014516456138979903,6.784968790351484e-26,39,biological_process,response to hydrogen peroxide,False
GO:0051259,0.9859638169272529,5026.066098298842,0.01003377506932353,7.857671942403255e-24,36,biological_process,protein complex oligomerization,False
GO:0009538,0.957135844366959,5598.183881103576,0.07523496999849574,1.3715788675529136e-08,13,cellular_component,photosystem I reaction center,False
GO:0009522,0.9521558872305141,5656.599638794223,0.08839298652369222,1.204542821165313e-10,18,cellular_component,photosystem I,False
GO:0010287,0.9352831099843052,5913.214021195804,0.14263914040806472,4.587940123662813e-09,15,cellular_component,plastoglobule,False
GO:0009651,0.9325258066196677,5215.011780132765,0.06964624278317044,3.7982790065776696e-21,39,biological_process,response to salt stress,False
GO:0009768,0.9293958655581336,6049.72410532161,0.175772186774942,4.775205097528985e-15,28,biological_process,"photosynthesis, light harvesting in photosystem I",False
GO:0030388,0.9286129969229071,5869.312475310944,0.13919425528832222,2.3776475018639804e-09,16,biological_process,"fructose 1,6-bisphosphate metabolic process",False
GO:0015979,0.9237179004061412,5852.548539322911,0.14305362772035551,1.7157987417574124e-34,69,biological_process,photosynthesis,False
GO:0009408,0.9140895701714071,5421.756619080441,0.09497465404292635,2.8824696946785397e-29,62,biological_process,response to heat,False
GO:0009523,0.9132409498158163,5957.2621074463395,0.17032927162816142,3.068416199488487e-19,39,cellular_component,photosystem II,False
GO:0009654,0.9078117519242808,5994.35533320887,0.1751610664567451,6.114489219818431e-14,28,cellular_component,photosystem II oxygen evolving complex,False
GO:0000302,0.9059764065919919,5830.262272396251,0.15147016222479723,8.289094100167779e-07,12,biological_process,response to reactive oxygen species,False
GO:0005978,0.9021147161066048,6423.60742087394,0.3104963306295867,1.3737011446864726e-06,12,biological_process,glycogen biosynthetic process,False
GO:0010207,0.8991864619544225,6220.959236144565,0.24997585940517572,8.386187124547247e-07,12,biological_process,photosystem II assembly,False
GO:0031428,0.8974334524269345,7382.1788443586365,0.6825330726149091,1.1976022543058103e-06,12,cellular_component,box C/D methylation guide snoRNP complex,False
GO:0022625,0.8913927141038709,6874.753869798848,0.44986959668563437,3.0654116512416632e-86,212,cellular_component,cytosolic large ribosomal subunit,False
GO:0030261,0.8894179702587871,5675.608642471947,0.1248974024719969,2.462243065857141e-06,12,biological_process,chromosome condensation,False
GO:0010411,0.8884754213144044,7518.168812941923,0.7148030876844437,8.930728945463442e-07,14,biological_process,xyloglucan metabolic process,False
GO:0009579,0.888471006433473,5844.668022435033,0.1406114736155656,4.7953813637020335e-09,19,cellular_component,thylakoid,False
GO:0022627,0.8771502534304153,6740.725021060538,0.3976744751757523,3.654073714228496e-45,117,cellular_component,cytosolic small ribosomal subunit,False
GO:0031167,0.8717853090979314,7598.620440835313,0.7709728174642361,1.2503703843837514e-05,11,biological_process,rRNA methylation,False
GO:0032040,0.8701548547530237,7441.589068386182,0.7055071686653402,1.7874735910336063e-22,58,cellular_component,small-subunit processome,False
GO:0018026,0.8696134286082143,7192.242308158934,0.5925007242178447,4.385986170035699e-05,12,biological_process,peptidyl-lysine monomethylation,False
GO:0045037,0.8644512857660268,6604.579137938652,0.3620717131474103,1.0457409237927954e-06,15,biological_process,protein import into chloroplast stroma,False
GO:0022900,0.8631577721655246,6014.343552653395,0.1941787824630891,1.0324284161297728e-07,18,biological_process,electron transport chain,False
GO:0000463,0.8630273576347388,7399.022570466199,0.6771679234338747,1.494776741445615e-11,28,biological_process,"maturation of LSU-rRNA from tricistronic rRNA transcript (SSU-rRNA, 5.8S rRNA, LSU-rRNA)",False
GO:0048471,0.8608898383501904,5555.682856145905,0.13542551300535224,8.969192494469662e-05,11,cellular_component,perinuclear region of cytoplasm,False
GO:0000028,0.8605565295073819,6878.355601239053,0.4542805326700865,1.6834812917579243e-13,35,biological_process,ribosomal small subunit assembly,False
GO:0042254,0.8601140793812081,7223.234164355085,0.6077960724135786,3.6000339824387933e-16,42,biological_process,ribosome biogenesis,False
GO:0015935,0.859565553382115,6506.300123425504,0.33805950113146754,4.743635934908663e-07,17,cellular_component,small ribosomal subunit,False
GO:0009368,0.8593493592950233,5955.554880814448,0.1727075529190159,2.3615423159156617e-07,17,cellular_component,endopeptidase Clp complex,False
GO:0098542,0.8569265430882619,6784.313365419428,0.4299582553328686,5.167661358983556e-16,43,biological_process,defense response to other organism,False
GO:0045910,0.8566058996337881,5872.919918707969,0.1706434866594229,1.5417118705325932e-06,15,biological_process,negative regulation of DNA recombination,False
GO:0005854,0.8549025524655595,7154.642245824386,0.567678157589803,1.2728499559186633e-05,12,cellular_component,nascent polypeptide-associated complex,False
GO:0034599,0.8546698766620443,6080.570170068799,0.2084457222797976,5.61373225078953e-12,31,biological_process,cellular response to oxidative stress,False
GO:0016554,0.8542473450142363,6681.735907671365,0.4240580912316737,2.6659299626313906e-05,11,biological_process,cytidine to uridine editing,False
GO:0005840,0.8541964559371928,6710.074224272806,0.3961980123712662,2.548998865060305e-147,448,cellular_component,ribosome,False
GO:0006414,0.8517940075929485,6507.346573656604,0.3450417718931536,2.7187760279316387e-12,33,biological_process,translational elongation,False
GO:0009535,0.849385527434308,6247.167735868695,0.2501694041054345,2.9486534242380412e-55,167,cellular_component,chloroplast thylakoid membrane,False
GO:0070475,0.8464863777214374,7400.046573299173,0.6715006640106242,1.9479269924719842e-06,15,biological_process,rRNA base methylation,False
GO:0009416,0.846018303593017,6181.3478965348295,0.2228048915779862,4.6964630051794084e-12,34,biological_process,response to light stimulus,False
GO:0015986,0.8452044537835421,6070.081826001796,0.21215472563010307,7.011058118329696e-07,19,biological_process,proton motive force-driven ATP synthesis,False
GO:0006898,0.8450768822265672,6856.1785390542655,0.4472116340463071,0.00014714216446318844,11,biological_process,receptor-mediated endocytosis,False
GO:0045116,0.8448516747951776,7353.399933368383,0.6587767223360445,8.312857181675772e-06,14,biological_process,protein neddylation,False
GO:0000786,0.8440891623328245,5796.883191215514,0.1630864387639873,4.21906337797688e-23,68,cellular_component,nucleosome,False
GO:1901259,0.8425368665017712,6396.100852607785,0.28875653537164414,8.643299879641902e-11,29,biological_process,chloroplast rRNA processing,False
GO:0006801,0.8415576158514012,6325.600470862817,0.2870491090830074,5.513376308463258e-06,14,biological_process,superoxide metabolic process,False
GO:0002098,0.8415204254874036,7362.731898934337,0.6747049025997538,5.836504888800496e-05,11,biological_process,tRNA wobble uridine modification,False
GO:0000470,0.8410175449198292,7214.745128432266,0.5945080976553058,4.548401534533448e-11,30,biological_process,maturation of LSU-rRNA,False
GO:0006412,0.8390269285963298,6696.09689606959,0.3958138868298035,8.832658190130258e-126,417,biological_process,translation,False
GO:0016117,0.8378381642512078,6137.127575195159,0.2202536231884058,1.150706215023546e-07,20,biological_process,carotenoid biosynthetic process,False
GO:0000813,0.8373122198888003,6290.107126242979,0.24692723454400622,0.00011920285217569965,11,cellular_component,ESCRT I complex,False
GO:2000022,0.8342176722873774,6773.800239955317,0.42006109397106994,1.9308580994047954e-07,19,biological_process,regulation of jasmonic acid mediated signaling pathway,False
GO:0045454,0.83337879991252,6146.049223056527,0.2156175972927242,1.7233520559315854e-10,30,biological_process,cell redox homeostasis,False
GO:0072686,0.8310887375859127,7422.633353248671,0.6982781813290287,0.00039663525632654045,14,cellular_component,mitotic spindle,False
GO:0009611,0.8289202784820314,6773.005964101443,0.4246625618737172,4.236680339123301e-06,15,biological_process,response to wounding,False
GO:0031347,0.8289202784820314,6773.005964101443,0.4246625618737172,4.236680339123301e-06,15,biological_process,regulation of defense response,False
GO:0000162,0.8278819771324658,7036.424973266268,0.5319192358080039,0.00015597810743620677,11,biological_process,L-tryptophan biosynthetic process,False
GO:0070534,0.8271814187068424,6471.658944059587,0.2959065416692535,1.003273041655128e-05,14,biological_process,protein K63-linked ubiquitination,False
GO:0002181,0.8219482385361059,6811.560004071145,0.4216027381760579,2.582312836806757e-21,72,biological_process,cytoplasmic translation,False
GO:0042273,0.8210840814002317,7072.690049320411,0.5322890909483089,7.532877348951782e-12,37,biological_process,ribosomal large subunit biogenesis,False
GO:0000027,0.8179452380241076,7089.912256600063,0.5460604622615796,1.7461696088680964e-11,37,biological_process,ribosomal large subunit assembly,False
GO:0005770,0.8171044795338581,7481.403711456421,0.7193818422631981,2.9107720512549466e-05,14,cellular_component,late endosome,False
GO:0006611,0.8157642158638175,7225.476760081943,0.6033949052275746,3.5728897628309885e-05,15,biological_process,protein export from nucleus,False
GO:0034715,0.8125731417763289,6770.317798083873,0.39561511529639015,1.692684587070941e-05,15,cellular_component,pICln-Sm protein complex,False
GO:0030422,0.8105114893959516,7429.953843647464,0.7041844742243148,4.167712269997141e-05,15,biological_process,siRNA processing,False
GO:0005839,0.8103379284458797,6530.482376137608,0.3025045140904108,5.052159756267452e-11,36,cellular_component,proteasome core complex,False
GO:0005687,0.809124569367977,6477.400297517954,0.2860629165459287,9.763835700808986e-06,16,cellular_component,U4 snRNP,False
GO:0006364,0.8081798537905408,7309.671656382293,0.6444347509996365,2.3476547996199836e-17,65,biological_process,rRNA processing,False
GO:0006121,0.8075083882492095,6849.1908165316745,0.4630642729708556,0.00025737351180174126,11,biological_process,"mitochondrial electron transport, succinate to ubiquinone",False
GO:0034475,0.803891745732841,7424.5439452261735,0.6999292443632271,5.996488292287572e-05,13,biological_process,U4 snRNA 3'-end processing,False
GO:0097526,0.8037286525987092,6435.907341959066,0.2737112228637652,4.929491263998528e-05,14,cellular_component,spliceosomal tri-snRNP complex,False
GO:0042546,0.801809739925325,7566.237745204639,0.7382012842796447,0.0019040034479768744,12,biological_process,cell wall biogenesis,False
GO:0015934,0.8017853262837691,6266.075191044661,0.2825824136029105,9.728877162547129e-05,13,cellular_component,large ribosomal subunit,False
GO:0006094,0.8010896759628369,6297.200546105301,0.2782551972546016,2.814286549955129e-07,23,biological_process,gluconeogenesis,False
GO:0000177,0.8004644386490228,7545.838577242568,0.7433669588525065,1.7845908359443723e-05,16,cellular_component,cytoplasmic exosome (RNase complex),False
GO:0006301,0.7976213467233166,6473.144605656028,0.303091203167246,0.0001864144613330433,12,biological_process,DNA damage tolerance,False
GO:0015995,0.7968035170886206,6273.0952352524055,0.25699979069056017,1.0480375703332186e-06,18,biological_process,chlorophyll biosynthetic process,False
GO:0046856,0.7966348953191057,6974.532947898604,0.5224400798563478,6.029103883226642e-08,26,biological_process,phosphatidylinositol dephosphorylation,False
GO:0045927,0.7963236596004957,7142.320646150246,0.5735239336934252,7.787039375471748e-05,14,biological_process,positive regulation of growth,False
GO:0045332,0.7960454871603814,7159.958469347761,0.5761645175311504,2.4655708618233922e-05,16,biological_process,phospholipid translocation,False
GO:0005682,0.7929704804478274,6599.96999284673,0.3257789054005074,2.3314221850552724e-07,25,cellular_component,U5 snRNP,False
GO:0048544,0.7852336819113445,6991.368976757286,0.527540808407915,3.2001270295076036e-07,27,biological_process,recognition of pollen,False
GO:0042147,0.7841065671582751,7299.9828133948895,0.6549025754516807,1.8347774403432287e-08,31,biological_process,"retrograde transport, endosome to Golgi",False
GO:0034605,0.7840042296410398,5989.481798412006,0.20954708610606976,1.1749680281334149e-11,45,biological_process,cellular response to heat,False
GO:0090630,0.7836857730320551,7241.558495231687,0.6206301308490032,7.2325884946424906e-06,22,biological_process,activation of GTPase activity,False
GO:0009773,0.7829281443390229,5891.61258500498,0.1875080087580993,5.35620028286767e-05,13,biological_process,photosynthetic electron transport in photosystem I,False
GO:0050821,0.7808271721271867,6001.85847964171,0.20251038948487485,8.003229772804195e-07,24,biological_process,protein stabilization,False
GO:0010498,0.7806406700529464,6447.477790613474,0.27315298900196355,3.6353293204933423e-06,21,biological_process,proteasomal protein catabolic process,False
GO:0000266,0.7801900002414234,7392.9059830747765,0.684947991821317,0.002516375859697939,13,biological_process,mitochondrial fission,False
GO:0005688,0.7801522908013779,6440.862537539392,0.28759779773978555,4.5206054968505314e-05,16,cellular_component,U6 snRNP,False
GO:0006325,0.7796657037942006,6983.714122739367,0.508808918288553,3.0004476068459905e-06,22,biological_process,chromatin organization,False
GO:0007010,0.7786277564427699,7451.624747400233,0.7079235295687955,1.698658667869227e-05,19,biological_process,cytoskeleton organization,False
GO:0035267,0.775991444935837,6878.189910392858,0.4433730475200786,8.197495060030382e-07,27,cellular_component,NuA4 histone acetyltransferase complex,False
GO:0010027,0.7743909038913751,6487.5989882681215,0.3470332508975299,1.271286309805864e-06,27,biological_process,thylakoid membrane organization,False
GO:0030117,0.7719776901120672,7178.720302748938,0.5848971578572532,4.063625694051582e-05,23,cellular_component,membrane coat,False
GO:0007623,0.7713187653426696,6502.626320920452,0.3687794277435712,0.0001476850949857415,15,biological_process,circadian rhythm,False
GO:0006952,0.7709557196038842,6929.165116354261,0.48651495376068404,5.527259249284266e-20,94,biological_process,defense response,False
GO:0006783,0.7706467601644661,6928.901685985068,0.49103022403044133,0.0009674645305977251,11,biological_process,heme biosynthetic process,False
GO:0007346,0.7683346609698988,6896.673249247606,0.508759109671558,0.0065104276603309835,11,biological_process,regulation of mitotic cell cycle,False
GO:0009534,0.7683063401391657,6493.970813524369,0.3366271032391601,6.427618677974447e-09,38,cellular_component,chloroplast thylakoid,False
GO:0007018,0.7671429300430824,7354.463143056856,0.6641903574068209,4.351994605476055e-10,44,biological_process,microtubule-based movement,False
GO:0006623,0.7667178513917645,6946.754655982358,0.47708333333333336,1.8036225825510088e-05,20,biological_process,protein targeting to vacuole,False
GO:0000148,0.7664996216329357,7104.793318374236,0.5468450627123284,2.7002870027446727e-05,18,cellular_component,"1,3-beta-D-glucan synthase complex",False
GO:0006075,0.7664996216329357,7104.793318374236,0.5468450627123284,2.7002870027446727e-05,18,biological_process,(1->3)-beta-D-glucan biosynthetic process,False
GO:0042744,0.7643250431896024,6151.6793283589805,0.24734318031156777,8.025547098553525e-07,28,biological_process,hydrogen peroxide catabolic process,False
GO:0009507,0.7640735771489591,6538.832109652369,0.3623191639611027,1.0849423171547337e-77,418,cellular_component,chloroplast,False
GO:0019773,0.7634195177857762,6701.106421325843,0.35894595536598584,2.016007049971039e-05,21,cellular_component,"proteasome core complex, alpha-subunit complex",False
GO:0009785,0.7627869921054539,6081.592399886131,0.23109793805817563,0.00033300024180350736,13,biological_process,blue light signaling pathway,False
GO:0006749,0.7604068960719922,6220.823161231176,0.2644233417905038,5.503838970552934e-06,25,biological_process,glutathione metabolic process,False
GO:0030687,0.7599285751436016,7513.313024806453,0.7254520316568372,1.4693636335966798e-07,31,cellular_component,"preribosome, large subunit precursor",False
GO:0016272,0.7592217017829072,6438.6803999670665,0.274782185799135,0.0006565766603759798,14,cellular_component,prefoldin complex,False
GO:2000031,0.7572934865160065,6791.291597022182,0.4287179800090764,6.488296612243292e-05,19,biological_process,regulation of salicylic acid mediated signaling pathway,False
GO:0006515,0.754920328084518,6131.6339627046145,0.22877274374773468,3.4863713626676795e-06,25,biological_process,protein quality control for misfolded or incompletely synthesized proteins,False
GO:0009626,0.7545947523039156,6795.1616830528055,0.43562477363274177,0.00039664900603851886,15,biological_process,plant-type hypersensitive response,False
GO:0080156,0.7532057887477391,7162.975726533673,0.6074280700059573,0.00013558366851373845,18,biological_process,mitochondrial mRNA modification,False
GO:0009658,0.7521431922310496,6763.512112793424,0.4288622311435394,1.5316515654026533e-08,41,biological_process,chloroplast organization,False
GO:0042026,0.7513145752569597,6164.895835092994,0.2791264077818029,2.7966971902121722e-08,39,biological_process,protein refolding,False
GO:1990961,0.7513007501851314,6997.638122931667,0.5305844320486816,0.00024778463015591174,16,biological_process,xenobiotic detoxification by transmembrane export across the plasma membrane,False
GO:0005635,0.7508354067525022,7356.705703187191,0.6713081348199835,2.6980676258360968e-05,21,cellular_component,nuclear envelope,False
GO:0009570,0.7493090895521913,6496.954499726337,0.35109894756958365,2.742611387942096e-20,113,cellular_component,chloroplast stroma,False
GO:0006189,0.7486827673268351,7145.231693992129,0.5722822375364748,0.0019459529880547794,14,biological_process,'de novo' IMP biosynthetic process,False
GO:0000502,0.7476113445039999,6898.475779552857,0.4697077875043977,0.0008802586597890765,14,cellular_component,proteasome complex,False
GO:0006120,0.7475155304493369,6628.265389851654,0.3362362398609502,0.0014731414083925158,12,biological_process,"mitochondrial electron transport, NADH to ubiquinone",False
GO:0009536,0.7465059019480048,6245.71281505088,0.26868511313438537,0.005886038331255663,11,cellular_component,plastid,False
GO:0006457,0.7462225922016247,6199.710243999482,0.28989098939950797,1.797956459263924e-30,181,biological_process,protein folding,False
GO:0019941,0.745906390378206,6436.845033242053,0.31829928029754145,0.00015124690301069384,18,biological_process,modification-dependent protein catabolic process,False
GO:0046854,0.745853948942696,7069.974986395894,0.5444512346702022,5.345150992127558e-06,28,biological_process,phosphatidylinositol phosphate biosynthetic process,False
GO:0098656,0.7427740362565477,7010.113575412398,0.5050724494565468,0.005084914367278552,11,biological_process,monoatomic anion transmembrane transport,False
GO:0050832,0.7422143790375263,6643.941510117037,0.3571996468667868,2.1754293213267125e-08,43,biological_process,defense response to fungus,False
GO:0090307,0.74024850518658,7350.517604505518,0.6653926937840895,0.0022936837350375173,13,biological_process,mitotic spindle assembly,False
GO:0005876,0.7402055467027218,7350.410989987921,0.6638262867076427,0.00357756407568106,14,cellular_component,spindle microtubule,False
GO:0009725,0.7373559698473997,7464.746809552058,0.6972162423217025,1.4562738707811755e-08,46,biological_process,response to hormone,False
GO:0000467,0.7359903906514075,7475.624783469439,0.7261180439146541,0.0005522382846982207,14,biological_process,"exonucleolytic trimming to generate mature 3'-end of 5.8S rRNA from tricistronic rRNA transcript (SSU-rRNA, 5.8S rRNA, LSU-rRNA)",False
GO:0051123,0.735438094548264,6913.551864986194,0.4781513213716604,0.0017101086721038397,14,biological_process,RNA polymerase II preinitiation complex assembly,False
GO:0016125,0.73535925764872,7321.143587058105,0.65262422749015,7.465054500414474e-05,22,biological_process,sterol metabolic process,False
GO:0030131,0.7344764848894686,7383.968759335332,0.6595581960746429,0.00034241632715510326,18,cellular_component,clathrin adaptor complex,False
GO:0018107,0.7341956997260577,7118.207778923679,0.5421557262232527,0.0002042216224696095,18,biological_process,peptidyl-threonine phosphorylation,False
GO:0006574,0.731727263948239,7492.117854908865,0.7181864271746216,0.0015406975834699576,13,biological_process,L-valine catabolic process,False
GO:0030490,0.7313825626869105,6947.567825397708,0.49229710144927535,0.00021349797597000652,20,biological_process,maturation of SSU-rRNA,False
GO:0009941,0.7311782880755097,6680.191622420549,0.40396077813338505,8.716692904593566e-12,72,cellular_component,chloroplast envelope,False
GO:0005730,0.731030406951726,7187.38955336751,0.5972637782933099,1.776846735380558e-30,205,cellular_component,nucleolus,False
GO:0006526,0.7293308227114715,7448.721134596582,0.7010790845886443,0.0025915769835907635,12,biological_process,L-arginine biosynthetic process,False
GO:0006417,0.7291257709101657,7305.101969111262,0.6304767505785187,0.0006999463606416016,17,biological_process,regulation of translation,False
GO:0006879,0.7288362378040428,6535.574138204817,0.39222981504679466,4.7814732414470056e-05,29,biological_process,intracellular iron ion homeostasis,False
GO:0051231,0.728509343763581,7333.332234137363,0.6555276173920243,0.0016480824984830213,14,biological_process,spindle elongation,False
GO:0031204,0.7272181588497034,7056.570474766428,0.5281864923403051,0.005154323925910422,11,biological_process,"post-translational protein targeting to membrane, translocation",False
GO:0006813,0.7267503543186614,7376.859090425092,0.6621941256308557,0.0005104703895509375,22,biological_process,potassium ion transport,False
GO:0006896,0.7266858972811612,7131.02464734156,0.5644408455618536,0.004414046182267331,11,biological_process,Golgi to vacuole transport,False
GO:0045036,0.7263341176687069,6683.057597711194,0.3917588433238339,0.0005415520234684353,18,biological_process,protein targeting to chloroplast,False
GO:0007166,0.7220890747776755,6904.801131751212,0.47769162016571254,0.0001929800296843814,21,biological_process,cell surface receptor signaling pathway,False
GO:0010008,0.7204627215220435,6761.363552663587,0.4133089133089133,0.003778162712112977,14,cellular_component,endosome membrane,False
GO:0030050,0.7200654415830527,7003.99490276658,0.5341386762244857,0.0002899068095262084,22,biological_process,vesicle transport along actin filament,False
GO:0010960,0.7197939691965328,7367.470607709081,0.7039019348382807,0.025503400193132915,11,biological_process,magnesium ion homeostasis,False
GO:0000127,0.7183801224644153,7068.645058819649,0.533881065708135,0.003714171389822673,11,cellular_component,transcription factor TFIIIC complex,False
GO:0045892,0.7175762959154302,6502.984808658113,0.32431195757352993,3.5079678110284756e-05,29,biological_process,negative regulation of DNA-templated transcription,False
GO:0009736,0.7174797332894366,7518.914895133976,0.7289471036988342,2.2364782756071167e-05,31,biological_process,cytokinin-activated signaling pathway,False
GO:0000387,0.7172735879461768,6821.782394876737,0.42832245588590767,1.807236125669462e-05,30,biological_process,spliceosomal snRNP assembly,False
GO:0005689,0.7168782512763524,6712.8448292323,0.4033061445005205,0.00023395113991745236,22,cellular_component,U12-type spliceosomal complex,False
GO:0031969,0.716666264352556,6663.901700588337,0.40326796094773504,0.006042536170919371,11,cellular_component,chloroplast membrane,False
GO:0016226,0.7158720631549479,6469.37545844379,0.346792268579978,3.338713497970602e-06,37,biological_process,iron-sulfur cluster assembly,False
GO:0048024,0.7155161538812528,7289.84938142016,0.6284927479216921,0.0004984598545660391,21,biological_process,"regulation of mRNA splicing, via spliceosome",False
GO:0046540,0.7119409452984717,6599.890727064923,0.3374427140576074,1.0863282202763074e-06,42,cellular_component,U4/U6 x U5 tri-snRNP complex,False
GO:0034440,0.7118619923704669,6623.313620945673,0.4306460959003332,0.007209548987507223,14,biological_process,lipid oxidation,False
GO:0007052,0.7113637643726717,7296.658768944719,0.6106623480075577,0.041233012301172434,11,biological_process,mitotic spindle organization,False
GO:0016126,0.7101555850885317,7180.194846944781,0.5854555998550199,0.0002537778633868616,25,biological_process,sterol biosynthetic process,False
GO:0042274,0.7099991834631743,6963.089507842121,0.4992915680497191,0.0011685210373708539,18,biological_process,ribosomal small subunit biogenesis,False
GO:0071011,0.7099149146649896,6642.670909293183,0.36771261468842115,2.036691171358994e-08,56,cellular_component,precatalytic spliceosome,False
GO:0033179,0.7094771241830066,6568.244303377764,0.3581389452332657,0.0015359115164185794,16,cellular_component,"proton-transporting V-type ATPase, V0 domain",False
GO:0006887,0.7094033919534355,6974.7891970323435,0.4959339643167972,1.4062637294153739e-05,32,biological_process,exocytosis,False
GO:0090158,0.7086557473808469,7069.880981461757,0.5362115175660992,0.0384024395360618,15,biological_process,endoplasmic reticulum membrane organization,False
GO:0005764,0.7080912712785222,6752.671253514973,0.4560473258481227,0.0026254002579276328,15,cellular_component,lysosome,False
GO:0007015,0.7076944277292331,7041.516600941577,0.5482636102005556,6.505360574668094e-05,29,biological_process,actin filament organization,False
GO:0035970,0.707254395536555,7066.959323470309,0.5483301804423748,1.3391470389253973e-10,76,biological_process,peptidyl-threonine dephosphorylation,False
GO:0016607,0.705873090648058,7518.676017025063,0.7185922861020702,0.0003841725807966116,22,cellular_component,nuclear speck,False
GO:0000145,0.7042507311397811,6910.196395326623,0.4672903069857385,2.9263537216157082e-05,30,cellular_component,exocyst,False
GO:0008643,0.7033832272438171,7363.810652508407,0.6676251530209482,0.0006772180906615926,19,biological_process,carbohydrate transport,False
GO:0009904,0.7025153739656783,6683.79449464155,0.3928163937988989,0.002948408215987427,16,biological_process,chloroplast accumulation movement,False
GO:0009903,0.7025153739656783,6683.79449464155,0.3928163937988989,0.002948408215987427,16,biological_process,chloroplast avoidance movement,False
GO:0006122,0.7023340843716178,6231.669939129061,0.26182694617857594,0.0012453613982288335,19,biological_process,"mitochondrial electron transport, ubiquinol to cytochrome c",False
GO:0009738,0.7022705873832114,6650.369685145993,0.36422439008083973,0.00944876962519815,13,biological_process,abscisic acid-activated signaling pathway,False
GO:0018105,0.7015867364479872,7159.848993559273,0.5733827362616057,7.735890988533814e-15,122,biological_process,peptidyl-serine phosphorylation,False
GO:0005744,0.7013358763268229,6936.516740445985,0.4776451186967592,0.006144828096786977,13,cellular_component,TIM23 mitochondrial import inner membrane translocase complex,False
GO:0018230,0.700708329308735,7210.081163035262,0.5965526296725587,0.00318066238803752,16,biological_process,peptidyl-L-cysteine S-palmitoylation,False
GO:0071035,0.7002949389601089,7453.470894190814,0.7153617730136888,0.00496209813526406,13,biological_process,nuclear polyadenylation-dependent rRNA catabolic process,False
GO:0071038,0.7002949389601087,7453.470894190814,0.7153617730136888,0.00496209813526406,13,biological_process,TRAMP-dependent tRNA surveillance pathway,False
GO:0071108,0.6983615433427136,7253.168788226157,0.6154403244495944,0.010561279971076493,12,biological_process,protein K48-linked deubiquitination,False
GO:0000176,0.6980712504663514,7541.787626354584,0.7445915680570365,0.0008518519588725401,21,cellular_component,nuclear exosome (RNase complex),False
GO:0009707,0.6979843361670444,6607.392681931848,0.38994133692037514,2.6759109673397794e-05,33,cellular_component,chloroplast outer membrane,False
GO:0008380,0.6975525460280675,6762.829762173545,0.4065034762456547,0.008082262464189324,12,biological_process,RNA splicing,False
GO:0034314,0.6974056907428866,7231.822308147598,0.6111855446118193,0.01495278420610127,12,biological_process,Arp2/3 complex-mediated actin nucleation,False
GO:0032543,0.6972599288320097,6854.821198726836,0.4567754174663049,0.0006193644197460019,23,biological_process,mitochondrial translation,False
GO:0042742,0.696857191152323,7016.833337473559,0.5082041437264561,0.002636185509293712,16,biological_process,defense response to bacterium,False
GO:0006207,0.6962453217433296,7554.625191025578,0.7431655197392248,0.004517547959729528,15,biological_process,'de novo' pyrimidine nucleobase biosynthetic process,False
GO:0010494,0.6961310673361658,6639.782719350359,0.34350255890305137,0.02220783720595487,12,cellular_component,cytoplasmic stress granule,False
GO:0008180,0.6956725013025281,7209.528259213524,0.5894042765779749,0.0039466748966663,19,cellular_component,COP9 signalosome,False
GO:0019898,0.6937802521891289,6555.3096643230265,0.372398288490826,7.392161618784679e-05,31,cellular_component,extrinsic component of membrane,False
GO:0006397,0.6937708642361325,7376.702867817786,0.6552528565472282,4.914538350556734e-06,43,biological_process,mRNA processing,False
GO:0005736,0.6935312024353121,6849.905458885067,0.48180921498372364,0.0005631791637854212,23,cellular_component,RNA polymerase I complex,False
GO:0006241,0.692167181666023,7439.982879693368,0.7067400540749323,0.017501231683847512,12,biological_process,CTP biosynthetic process,False
GO:0005852,0.691842416775378,6983.010012646721,0.49213324724268337,0.0009362308724255781,22,cellular_component,eukaryotic translation initiation factor 3 complex,False
GO:0032012,0.6912481706426807,6885.9613365524965,0.43741468931589883,0.005142165590006363,13,biological_process,regulation of ARF protein signal transduction,False
GO:0000815,0.6910549121481527,6544.044704140571,0.32881598629453956,0.0026953370641753607,17,cellular_component,ESCRT III complex,False
GO:0030015,0.6900566786625767,6916.018632904783,0.4581628333568506,0.0035457613983760354,19,cellular_component,CCR4-NOT core complex,False
GO:0051726,0.6895025956778945,7316.4094374732895,0.6380200410479295,0.011704289848424896,15,biological_process,regulation of cell cycle,False
GO:0018216,0.6877172653534184,7440.628876505895,0.7108560254924682,0.06212025498427073,12,biological_process,peptidyl-arginine methylation,False
GO:0006606,0.6867175433595699,7306.835778298043,0.6465351418945533,6.082423615669069e-07,57,biological_process,protein import into nucleus,False
GO:0009737,0.6866505326079332,6830.838767741433,0.4836928033547694,0.005266566007045697,17,biological_process,response to abscisic acid,False
GO:0000159,0.6865745622000609,6968.975117349182,0.49729681677073123,0.00015293443093690505,31,cellular_component,protein phosphatase type 2A complex,False
GO:0012507,0.6863932354551016,7237.680119806946,0.6055264778325123,0.006907960827389296,16,cellular_component,ER to Golgi transport vesicle membrane,False
GO:0006006,0.6861919911938035,6692.698581685051,0.4561855744835085,0.00076316477752251,25,biological_process,glucose metabolic process,False
GO:0045944,0.6859894619214256,6983.223916287883,0.5027138259031138,2.555846810504505e-10,93,biological_process,positive regulation of transcription by RNA polymerase II,False
GO:0006310,0.6851389190624472,7022.651469455889,0.5228671683157887,0.015516217995025993,11,biological_process,DNA recombination,False
GO:0016973,0.6849486346262643,7213.037977285012,0.5822587655751956,0.00649146939201197,16,biological_process,poly(A)+ mRNA export from nucleus,False
GO:0005802,0.6848383782657154,7173.631043576957,0.5903786517565028,2.5357545855828987e-11,106,cellular_component,trans-Golgi network,False
GO:0090110,0.6844568384116406,7368.19131762878,0.6701123735022041,0.005700474253258301,14,biological_process,COPII-coated vesicle cargo loading,False
GO:0005762,0.6842156669555322,6906.118301303046,0.4736220315866551,0.00017693711900919616,31,cellular_component,mitochondrial large ribosomal subunit,False
GO:0006096,0.6839560024446296,6604.020897481725,0.3777780656501892,5.0053214285041615e-08,73,biological_process,glycolytic process,False
GO:0030150,0.6837286889483497,6812.851876449804,0.4415966808311306,0.0012366297601477615,26,biological_process,protein import into mitochondrial matrix,False
GO:0048026,0.6835313435719116,7555.328199041886,0.7589512097942626,0.0052767349491901015,16,biological_process,"positive regulation of mRNA splicing, via spliceosome",False
GO:0006893,0.6829874441627429,7199.234841761712,0.5710249909453097,0.006511222839243716,15,biological_process,Golgi to plasma membrane transport,False
GO:0006260,0.6816034724881911,7041.631332806661,0.5421842048059066,0.023197280239966825,19,biological_process,DNA replication,False
GO:0006002,0.6811283036188819,6552.263471625814,0.38877834732306393,0.0016004062646988255,22,biological_process,fructose 6-phosphate metabolic process,False
GO:0016459,0.6809113032672295,6956.637936951812,0.5082972091337441,0.0011590132158681634,25,cellular_component,myosin complex,False
GO:0030688,0.6804795016659423,7516.8449788317,0.7424515221125391,0.009001757303064802,14,cellular_component,"preribosome, small subunit precursor",False
GO:0031982,0.6803273385542683,7081.960669799581,0.56093417488876,0.00010558876907138789,36,cellular_component,vesicle,False
GO:0031507,0.6796842894094327,6326.691998541261,0.3182387082737759,0.00021248584266668268,31,biological_process,heterochromatin formation,False
GO:0032786,0.6787792101197373,7638.110171712629,0.7602899285438394,0.01597793462215619,12,biological_process,"positive regulation of DNA-templated transcription, elongation",False
GO:0005618,0.6786237483499148,7470.914588209121,0.7015946464792814,0.012155496840783967,16,cellular_component,cell wall,False
GO:0000160,0.6779120701778654,7374.61616491128,0.665039941902687,7.921069795825653e-06,50,biological_process,phosphorelay signal transduction system,False
GO:0006612,0.6776303600054779,7131.46176622418,0.5624269959802476,0.0006962815639804941,27,biological_process,protein targeting to membrane,False
GO:0006506,0.6768351654146739,7330.338583518152,0.649679076059099,0.0007888055744774087,29,biological_process,GPI anchor biosynthetic process,False
GO:0018401,0.676717775754566,7213.753171322023,0.6085602549246814,0.017173086862063,12,biological_process,peptidyl-proline hydroxylation to 4-hydroxy-L-proline,False
GO:0006048,0.6759379953492489,6949.5927440566675,0.48532906734079884,0.020593780188563483,11,biological_process,UDP-N-acetylglucosamine biosynthetic process,False
GO:0008104,0.6757075919274311,6752.233862963872,0.39838074281421254,0.005962697883962767,19,biological_process,intracellular protein localization,False
GO:0016310,0.6745317945825559,7102.984628589646,0.5734662799129805,0.0005441876528264651,30,biological_process,phosphorylation,False
GO:0071586,0.6744430071920112,6430.640845346578,0.33992997706145117,0.00017056895634623702,15,biological_process,CAAX-box protein processing,False
GO:0006302,0.6744152364400029,7272.825121269519,0.637726383978828,0.020164655243608286,11,biological_process,double-strand break repair,False
GO:0015629,0.6719818136091721,7020.100251018608,0.5312481857764877,0.00048785981992929985,40,cellular_component,actin cytoskeleton,False
GO:0000151,0.671779790363027,7133.870826726133,0.5626346536294332,0.0007857765138279454,28,cellular_component,ubiquitin ligase complex,False
GO:0000462,0.6714062840142224,7154.233207623286,0.5759769582423961,0.00011074927370719564,39,biological_process,"maturation of SSU-rRNA from tricistronic rRNA transcript (SSU-rRNA, 5.8S rRNA, LSU-rRNA)",False
GO:0000139,0.6712070116877339,7172.539757195697,0.5851857139882626,2.5008913565330076e-09,98,cellular_component,Golgi membrane,False
GO:0009706,0.6706511274401316,6704.377337407141,0.40212013512949174,0.0005458872604574374,33,cellular_component,chloroplast inner membrane,False
GO:0072583,0.6704674757438029,7105.949251225938,0.563173139686684,0.000382261101465512,32,biological_process,clathrin-dependent endocytosis,False
GO:0007165,0.6702377758130863,6943.701127198203,0.4993495403074824,6.796156757466475e-22,265,biological_process,signal transduction,False
GO:0032436,0.6694490737386181,7155.863775521293,0.5849995614352888,0.005085419958414363,19,biological_process,positive regulation of proteasomal ubiquitin-dependent protein catabolic process,False
GO:0030001,0.6690968198789751,7457.080780283451,0.7136563344920819,0.020065278876019298,12,biological_process,metal ion transport,False
GO:0009742,0.6683332297986594,7366.819503346114,0.6657947792170144,0.002406944392568832,22,biological_process,brassinosteroid mediated signaling pathway,False
GO:0006914,0.6674411621574049,7007.562139249969,0.5035877364644488,0.003734246014236837,23,biological_process,autophagy,False
GO:0005885,0.6660297573065534,7231.822308147598,0.6111855446118193,0.02815421057947029,12,cellular_component,Arp2/3 protein complex,False
GO:0007017,0.6659784305845614,6808.734473717026,0.4584148609802643,0.005459020815758382,21,biological_process,microtubule-based process,False
GO:0030686,0.6658725068409034,7159.867297395019,0.577903015366773,0.000889619598160097,24,cellular_component,90S preribosome,False
GO:0017157,0.6649271423282723,7217.504579908863,0.6026830984458103,0.020862645105698862,14,biological_process,regulation of exocytosis,False
GO:0030488,0.6642631284944831,7180.835809862499,0.590815268599664,0.0021961785911204716,23,biological_process,tRNA methylation,False
GO:0010020,0.6641439642146523,6835.999283562608,0.4629240274857617,0.0015558179077119858,27,biological_process,chloroplast fission,False
GO:0006098,0.6640514487203374,6623.657140560731,0.41401809721618443,0.005986161110141887,18,biological_process,pentose-phosphate shunt,False
GO:0006413,0.6632773387516427,6629.091937708511,0.3881210258327362,1.3124605528962917e-05,63,biological_process,translational initiation,False
GO:0016192,0.6630111372241444,6986.23016410667,0.5148354047897266,6.139680961109015e-13,155,biological_process,vesicle-mediated transport,False
GO:0003333,0.6626476795632827,7012.252423965362,0.5189473193569771,0.0017321366895132024,28,biological_process,amino acid transmembrane transport,False
GO:0072318,0.6612583900719494,7204.478303708585,0.6028227892634673,0.004840455329284763,14,biological_process,clathrin coat disassembly,False
GO:0035556,0.6603297662694967,7159.92612060629,0.5816930739424908,4.3718534033514e-11,138,biological_process,intracellular signal transduction,False
GO:0070971,0.6599668238009305,7162.470404601807,0.5806186816373882,0.0031366848143204763,28,cellular_component,endoplasmic reticulum exit site,False
GO:0006897,0.6565322489483161,7232.675053089967,0.6085683071416518,1.2985628911079107e-05,59,biological_process,endocytosis,False
GO:0000184,0.6563912337575187,7471.195875345782,0.7151168153487331,0.00455768872181165,22,biological_process,"nuclear-transcribed mRNA catabolic process, nonsense-mediated decay",False
GO:0051301,0.6556103475873108,6937.107555806131,0.5048129165459287,0.011953731259598883,16,biological_process,cell division,False
GO:0006811,0.6553408898867724,7227.447223838429,0.6010050643207738,0.023267751146702022,13,biological_process,monoatomic ion transport,False
GO:0005669,0.6550827594539084,7104.922683751176,0.5552504530627039,0.0032122581198787492,25,cellular_component,transcription factor TFIID complex,False
GO:0006000,0.6538572980804056,6514.544464483865,0.3626367258239768,0.020693716683822173,15,biological_process,fructose metabolic process,False
GO:0005643,0.6537436858212119,7213.696649716879,0.6012746146130292,0.00021430931497026565,44,cellular_component,nuclear pore,False
GO:0006979,0.6534758059130611,6547.50805453439,0.38114540753193776,0.0012309411096038014,34,biological_process,response to oxidative stress,False
GO:0048015,0.6531994335007081,7043.396326546784,0.546881035148706,0.01029162891835088,12,biological_process,phosphatidylinositol-mediated signaling,False
GO:0031464,0.6509994930107916,7164.038424438869,0.6053562574168064,0.032451764996100446,13,cellular_component,Cul4A-RING E3 ubiquitin ligase complex,False
GO:0016579,0.6500409283095568,7084.976590215437,0.5458710566147379,3.2598360063041554e-07,91,biological_process,protein deubiquitination,False
GO:0000045,0.6491447735735419,7135.301830216153,0.5614796767394031,0.0010482381425196386,34,biological_process,autophagosome assembly,False
GO:0006400,0.6490762199047252,7037.837236071114,0.5455895133256083,0.03647614319175682,12,biological_process,tRNA modification,False
GO:0005759,0.6472562468742696,6536.91779765255,0.374878251754272,0.0004279323237490692,43,cellular_component,mitochondrial matrix,False
GO:0006744,0.6463255417109374,7159.681491664138,0.5618434873949579,0.022730145294226272,16,biological_process,ubiquinone biosynthetic process,False
GO:0000785,0.646085590353823,6781.526536208674,0.4458662147639119,1.4202845217989804e-08,122,cellular_component,chromatin,False
GO:0034975,0.6460431307203748,7056.157951520345,0.526637431760359,0.01745435334112586,17,biological_process,protein folding in endoplasmic reticulum,False
GO:0055088,0.6455351896125641,6858.351736582624,0.44635224226617404,0.023416383887085793,17,biological_process,lipid homeostasis,False
GO:0015937,0.6452493058070747,7272.858947764651,0.6097887238923095,0.03530794563396416,15,biological_process,coenzyme A biosynthetic process,False
GO:0008250,0.6448215794829341,7311.396045112579,0.6462972353012194,0.06189120752166519,15,cellular_component,oligosaccharyltransferase complex,False
GO:0045047,0.6444106500591402,6993.434497785839,0.507402945378179,0.04998753607935868,11,biological_process,protein targeting to ER,False
GO:0046777,0.6431980496768742,7107.344361491818,0.5597930488966375,0.00012504360133813822,54,biological_process,protein autophosphorylation,False
GO:0008299,0.6430833197243863,6629.322173812688,0.40227664267658475,0.02395040787851707,18,biological_process,isoprenoid biosynthetic process,False
GO:0045324,0.6428804297202472,6666.394596532465,0.3632287951042186,0.025466507842527537,17,biological_process,late endosome to vacuole transport,False
GO:0000289,0.6418471045453448,7013.2301506029435,0.5058361147867991,0.06876482058654251,11,biological_process,nuclear-transcribed mRNA poly(A) tail shortening,False
GO:0009739,0.6417980888438067,6491.253014813893,0.3508146967428231,0.028408763754839153,18,biological_process,response to gibberellin,False
GO:0000209,0.6414083596922642,6807.4046636257335,0.4487042842311515,1.195249216343715e-05,79,biological_process,protein polyubiquitination,False
GO:0031410,0.641321457326892,7352.070129434729,0.6468260869565218,0.012763049944628293,20,cellular_component,cytoplasmic vesicle,False
GO:0000118,0.640401256343811,7016.1467755600925,0.5405289567906526,0.00261322758960482,33,cellular_component,histone deacetylase complex,False
GO:0009640,0.6398524146513422,6937.568276649021,0.4874475152448907,0.020352106356383567,19,biological_process,photomorphogenesis,False
GO:0006511,0.6377044466576133,6847.493538677553,0.45080594108378585,1.378278821045248e-08,141,biological_process,ubiquitin-dependent protein catabolic process,False
GO:0006635,0.6374482145301889,7127.990404559504,0.5924035155720683,0.011781182376311325,23,biological_process,fatty acid beta-oxidation,False
GO:0005665,0.6368841343908436,6701.846955983918,0.4078391809587864,0.002457241623424927,33,cellular_component,"RNA polymerase II, core complex",False
GO:0008360,0.6368176258529678,7383.919006252928,0.6830038142139822,0.1414343977818195,12,biological_process,regulation of cell shape,False
GO:0071013,0.6366546545357191,6676.60530871062,0.3854395524881794,8.310628465784856e-06,83,cellular_component,catalytic step 2 spliceosome,False
GO:0005856,0.6366003738885095,7176.989197992071,0.6025485813621406,0.07406192680522122,14,cellular_component,cytoskeleton,False
GO:0006886,0.6357852607336626,7061.163938127263,0.5398783798800719,1.988550963563898e-12,219,biological_process,intracellular protein transport,False
GO:0008541,0.6348309237109527,6861.445774444409,0.4443175063428778,0.008949198462041948,25,cellular_component,"proteasome regulatory particle, lid subcomplex",False
GO:0005768,0.6345456851865202,7170.509019221812,0.5860036110300555,3.5182310675483635e-07,112,cellular_component,endosome,False
GO:0009723,0.6334934069869897,6793.0657762023275,0.4615578875778556,0.007097789653531569,29,biological_process,response to ethylene,False
GO:0005675,0.6331015668380773,7349.76872605782,0.6520494063769214,0.03757667415317918,13,cellular_component,transcription factor TFIIH holo complex,False
GO:0006869,0.6324035854233552,7310.925639921598,0.6568246005569491,0.08539323639296942,11,biological_process,lipid transport,False
GO:0006334,0.6323667140126971,6436.962381571761,0.3622408791037616,0.0010799134909748422,41,biological_process,nucleosome assembly,False
GO:0006338,0.6317952024605251,7043.091278128806,0.5217466890853988,0.0003554262790213821,56,biological_process,chromatin remodeling,False
GO:0006633,0.6308458155824553,6896.145029816035,0.4702730573710966,0.0008059193939843078,50,biological_process,fatty acid biosynthetic process,False
GO:0006284,0.6303908540317644,7201.739984573654,0.6097963177732676,0.019799464084494577,24,biological_process,base-excision repair,False
GO:0005793,0.630121515195439,7086.818386675044,0.543886465759201,0.02863345689760076,22,cellular_component,endoplasmic reticulum-Golgi intermediate compartment,False
GO:0005765,0.6299717204889618,7286.063145491902,0.6219755143436685,0.050617419696294165,16,cellular_component,lysosomal membrane,False
GO:0009506,0.6297429344986124,6896.542870753692,0.5080878332016853,0.0008002412642480654,49,cellular_component,plasmodesma,False
GO:0007275,0.6297373667663523,7180.600940815432,0.5781050724637682,0.016931359174340223,20,biological_process,multicellular organism development,False
GO:0031145,0.6295485280977565,7361.960761859133,0.6606066029976433,0.035709756776239616,17,biological_process,anaphase-promoting complex-dependent catabolic process,False
GO:0006402,0.6293149946062567,7461.2962962333095,0.7014281344088619,0.026825543114428668,18,biological_process,mRNA catabolic process,False
GO:0005686,0.6289512316288312,6653.999765940883,0.37894053313834175,0.0022856563936130797,39,cellular_component,U2 snRNP,False
GO:0005694,0.6285878191856452,7106.973363938756,0.5545144927536232,0.026935975811517583,20,cellular_component,chromosome,False
GO:0019432,0.6284374094465371,7132.125904900979,0.5902274702984642,0.009759277827116273,16,biological_process,triglyceride biosynthetic process,False
GO:0031047,0.6282026522466847,7335.443731106409,0.6421881035148707,0.10081584481306838,12,biological_process,regulatory ncRNA-mediated gene silencing,False
GO:0009705,0.6277527818093857,7124.823162395662,0.5752721335268505,0.0024950361695778296,40,cellular_component,plant-type vacuole membrane,False
GO:0005992,0.6255646953664782,7107.763070996207,0.5645086903240258,0.0032437092961457026,22,biological_process,trehalose biosynthetic process,False
GO:0080008,0.625552104899931,7153.929488712483,0.5862463768115942,0.023892025101656722,20,cellular_component,Cul4-RING E3 ubiquitin ligase complex,False
GO:0070588,0.6233928928697847,7039.7817129070345,0.5387208292236225,0.0007738389944560349,37,biological_process,calcium ion transmembrane transport,False
GO:0006488,0.6228596262494568,7316.482128054568,0.6541048405455185,0.051905886653710584,14,biological_process,dolichol-linked oligosaccharide biosynthetic process,False
GO:0006415,0.621968631021354,7029.717164936883,0.5223541908072615,0.11619257605009209,12,biological_process,translational termination,False
GO:0048046,0.6218512593847715,6976.8194908258965,0.5358116688722022,0.07834614160758914,19,cellular_component,apoplast,False
GO:0016485,0.6216774100094155,6791.79066561445,0.4528360753463962,0.07568073675883814,13,biological_process,protein processing,False
GO:0000413,0.6202286353524283,6768.056032791573,0.43564884116472097,0.002037982511751659,47,biological_process,protein peptidyl-prolyl isomerization,False
GO:0031461,0.6199886489880694,7082.185913510624,0.5501940137500201,0.01725608601032464,18,cellular_component,cullin-RING ubiquitin ligase complex,False
GO:0005771,0.6198217736369911,6772.484269368093,0.4205253623188406,0.02541100321318346,20,cellular_component,multivesicular body,False
GO:0009691,0.6197003347495815,6459.990612700523,0.32868023368095795,0.1359201248954625,12,biological_process,cytokinin biosynthetic process,False
GO:0016197,0.6188736872382985,7072.420487605838,0.5306823685545289,0.05319579818890609,19,biological_process,endosomal transport,False
GO:0006405,0.6186344353481932,7100.083150629377,0.5305794562989291,0.047635225658168585,17,biological_process,RNA export from nucleus,False
GO:0006996,0.6183674947490404,6222.20563574389,0.2848387941456675,0.009138383479395372,13,biological_process,organelle organization,False
GO:0006357,0.6174552991249308,7077.825606759978,0.547846791564135,1.7272853399594708e-12,293,biological_process,regulation of transcription by RNA polymerase II,False
GO:0006891,0.6171864293372673,7186.397017252677,0.5880373589870797,0.00737702802016138,37,biological_process,intra-Golgi vesicle-mediated transport,False
GO:0000422,0.6167524465386008,7286.198567528468,0.6300862631388184,0.022843431643743438,25,biological_process,autophagy of mitochondrion,False
GO:0006629,0.6157419122983676,6674.460167682681,0.4122158360615982,0.00023843401416368023,75,biological_process,lipid metabolic process,False
GO:0005654,0.6154813829561597,7302.778161702165,0.6285467352901954,0.004234251377548424,43,cellular_component,nucleoplasm,False
GO:0007030,0.6148082893067657,7297.003236845438,0.6410246857174231,0.008369481184664077,37,biological_process,Golgi organization,False
GO:0017148,0.6144202898550724,6737.930881262093,0.41035507246376807,0.040811608091154396,20,biological_process,negative regulation of translation,False
GO:0030126,0.6142277348684074,7181.568288126667,0.5799358273267535,0.03790438527737021,22,cellular_component,COPI vesicle coat,False
GO:0000079,0.613274421748998,7398.075701344226,0.6717110573042776,0.05689853428259568,14,biological_process,regulation of cyclin-dependent protein serine/threonine kinase activity,False
GO:0006995,0.6130378834138887,6688.867259158205,0.39810612356222647,0.05375005241474184,17,biological_process,cellular response to nitrogen starvation,False
GO:0005801,0.6126859633869488,7353.759970726624,0.6667914472942729,0.04852971220770231,18,cellular_component,cis-Golgi network,False
GO:0006520,0.6125617964348675,6625.322712109898,0.38128539831494435,0.06446967269409605,17,biological_process,amino acid metabolic process,False
GO:0016567,0.6122559619712092,6873.911901001112,0.467663530380494,2.0038908123179992e-10,261,biological_process,protein ubiquitination,False
GO:0016602,0.6116709630442508,6850.673476150074,0.4534386549749982,0.026324723607762925,21,cellular_component,CCAAT-binding factor complex,False
GO:0007064,0.6115743166170641,6879.476282961569,0.44164291809560613,0.13351175115798286,18,biological_process,mitotic sister chromatid cohesion,False
GO:0005849,0.6108021338740435,7255.994026417463,0.61633717140995,0.04986615627711983,11,cellular_component,mRNA cleavage factor complex,False
GO:0030125,0.6101769377459144,7465.431253921953,0.7091685922882968,0.12030093648744522,11,cellular_component,clathrin vesicle coat,False
GO:0055085,0.6094322275707177,7020.627604282633,0.5363128334955511,1.0758238428397828e-12,344,biological_process,transmembrane transport,False
GO:0017196,0.6084858214239732,7325.610008261326,0.6546989667825416,0.10671820813287591,12,biological_process,N-terminal peptidyl-methionine acetylation,False
GO:0000398,0.6084419503443739,6811.854400263125,0.43377625196556596,4.467298520838226e-07,176,biological_process,"mRNA splicing, via spliceosome",False
GO:0006360,0.6077558114273299,6911.847427162877,0.49943712598502954,0.2212003491077536,11,biological_process,transcription by RNA polymerase I,False
GO:0009873,0.6050561029009304,6602.517682510081,0.3629609171254709,0.09360422713481498,16,biological_process,ethylene-activated signaling pathway,False
GO:0032968,0.6050012178418963,7027.666716546923,0.5383716294578138,0.031413002822409886,24,biological_process,positive regulation of transcription elongation by RNA polymerase II,False
GO:0005739,0.6042193028826728,6864.525594965705,0.4704264651958987,6.273827419030698e-15,458,cellular_component,mitochondrion,False
GO:0032259,0.6040985355328519,6851.352641956302,0.48378263970192853,0.0594170987972711,19,biological_process,methylation,False
GO:0030014,0.6036657163106859,7086.403491459457,0.5474775297187591,0.04773946749348946,24,cellular_component,CCR4-NOT complex,False
GO:0071014,0.6022133687472332,6592.835214050735,0.3255245683930943,0.1368546945374755,15,cellular_component,post-mRNA release spliceosomal complex,False
GO:0006281,0.5997690082001214,7078.1737946171415,0.547097304268242,0.000795502461856693,84,biological_process,DNA repair,False
GO:0006289,0.5986041156532781,7348.456968895689,0.6499716206721525,0.019294871438580233,29,biological_process,nucleotide-excision repair,False
GO:0005813,0.5980562973390101,7300.913194956604,0.6351736463314495,0.1205001738302211,18,cellular_component,centrosome,False
GO:0030968,0.5979514558603031,6789.465768735258,0.4344040668296347,0.10250661810798944,19,biological_process,endoplasmic reticulum unfolded protein response,False
GO:0031119,0.5974304197745431,7188.696214613961,0.6133022600543783,0.07392022937504587,11,biological_process,tRNA pseudouridine synthesis,False
GO:0016592,0.596485900055764,7131.800075659658,0.5583695585911306,0.0049651783773984985,62,cellular_component,mediator complex,False
GO:0007186,0.5963835338454849,6910.742373482313,0.4759121875370607,0.056974083566092446,22,biological_process,G protein-coupled receptor signaling pathway,False
GO:0006888,0.5963263727583319,7153.073128409853,0.5763621655060832,0.00020858761599212516,115,biological_process,endoplasmic reticulum to Golgi vesicle-mediated transport,False
GO:0051225,0.5929894659117179,7225.21340671931,0.6031027499914193,0.0769224018384686,19,biological_process,spindle assembly,False
GO:0006470,0.5929068536750361,6904.436818476266,0.4901385451483683,0.001624423335901873,77,biological_process,protein dephosphorylation,False
GO:0071051,0.5914166859202705,7592.4232758837015,0.7767595573374414,0.026125191969176623,11,biological_process,poly(A)-dependent snoRNA 3'-end processing,False
GO:0043231,0.5905858044381437,7004.216914472388,0.5174712823725982,8.758705662342475e-05,140,cellular_component,intracellular membrane-bounded organelle,False
GO:0009451,0.5899777557750463,7152.619678794845,0.5812547144482657,0.11455057140688629,17,biological_process,RNA modification,False
GO:0048188,0.5886069037502989,7117.6629009235985,0.5483174005407494,0.0523129959283514,12,cellular_component,Set1C/COMPASS complex,False
GO:0000325,0.5874021597332947,6887.126398643424,0.4559982342632002,0.10689231865069371,22,cellular_component,plant-type vacuole,False
GO:0010468,0.5866715705318647,7145.421334681159,0.5705286561264822,0.0017677980023638742,92,biological_process,regulation of gene expression,False
GO:0044804,0.5851626458016373,7351.696041944648,0.6573421805148923,0.10568938767541791,17,biological_process,nucleophagy,False
GO:0034497,0.5845034595034595,7319.2151634765805,0.6388009354111048,0.1387740717170089,14,biological_process,protein localization to phagophore assembly site,False
GO:0007005,0.5823907016936508,7130.480774168581,0.5829516549144036,0.04267008650987559,19,biological_process,mitochondrion organization,False
GO:0005741,0.5823416023096534,6994.454508484382,0.5215654952076677,0.033486163931355305,48,cellular_component,mitochondrial outer membrane,False
GO:0005975,0.5821245931804881,7031.99581431995,0.5433839677891654,0.0001917172951593757,160,biological_process,carbohydrate metabolic process,False
GO:0006396,0.581061381555979,7199.290820928294,0.5871477682173301,0.01788533494397154,58,biological_process,RNA processing,False
GO:0006366,0.5810184023149,6954.471337033132,0.5116980339501774,0.05595409264241491,29,biological_process,transcription by RNA polymerase II,False
GO:0005811,0.5791241157866783,7080.588834394246,0.5593818074443844,0.15664596298237415,13,cellular_component,lipid droplet,False
GO:0030154,0.5789776843935662,7295.6496426942695,0.6379791978618236,0.15051695578484992,18,biological_process,cell differentiation,False
GO:0005783,0.5789070816521816,7093.153956380564,0.5601670844420166,4.127288925607028e-06,268,cellular_component,endoplasmic reticulum,False
GO:0051453,0.5784900166963337,7080.662780123099,0.580710301361924,0.04082581070946704,16,biological_process,regulation of intracellular pH,False
GO:0005685,0.577320155532446,7126.050840628368,0.5424896709812911,0.04756549488527859,37,cellular_component,U1 snRNP,False
GO:0019722,0.5771335795852345,6812.181946025947,0.44817846020134716,0.169316830395566,13,biological_process,calcium-mediated signaling,False
GO:0046513,0.5770997228229068,6988.710153599521,0.4953785983698347,0.042248861022835996,13,biological_process,ceramide biosynthetic process,False
GO:0005684,0.5758166147606286,6597.3266878895365,0.359728342925272,0.08536054312171337,13,cellular_component,U2-type spliceosomal complex,False
GO:0009306,0.5752320685296556,7220.8522878477015,0.6043803080631075,0.14649563183884545,19,biological_process,protein secretion,False
GO:0006367,0.5749463478011662,7083.846479732619,0.5415668336600595,0.04015613979278886,47,biological_process,transcription initiation at RNA polymerase II promoter,False
GO:0005667,0.573894165317351,6834.509895917929,0.4429434146682026,0.08262340321986728,27,cellular_component,transcription regulator complex,False
GO:0043161,0.5723450115915355,6874.283200618329,0.4605237451880877,0.005583084253731072,106,biological_process,proteasome-mediated ubiquitin-dependent protein catabolic process,False
GO:0031201,0.5709965639204927,7066.4976672281555,0.5353856209150327,0.03844411396458428,50,cellular_component,SNARE complex,False
GO:0034045,0.5707129233963449,7408.526236569874,0.6818113443013856,0.19302685226609667,13,cellular_component,phagophore assembly site membrane,False
GO:0005576,0.5704322386782722,7351.499334050782,0.6568052128480169,0.10189982667446151,17,cellular_component,extracellular region,False
GO:0071805,0.5699593328819242,7074.664022937597,0.560432385374347,0.09407656183300006,36,biological_process,potassium ion transmembrane transport,False
GO:0006906,0.5696452462700831,7077.9295862498,0.5396544661677234,0.033384686715033494,34,biological_process,vesicle fusion,False
GO:0015031,0.5688142576812306,7014.493008423075,0.5197409390957778,0.03367708608991991,56,biological_process,protein transport,False
GO:0006487,0.5687942694471531,7146.606561109477,0.5765998238250687,0.0771497675058089,35,biological_process,protein N-linked glycosylation,False
GO:0017119,0.5675164156044805,7400.966276357339,0.6886949594438007,0.2024433796374081,12,cellular_component,COG complex,False
GO:0030244,0.5669187526175059,7347.430440304437,0.6847939016139943,0.07140061068376742,24,biological_process,cellulose biosynthetic process,False
GO:0009959,0.566859777439834,7049.806643959389,0.5216953370331602,0.15228933420070612,11,biological_process,negative gravitropism,False
GO:0012505,0.5660905238482671,7073.992795573761,0.5432678537593472,0.008663558798975303,66,cellular_component,endomembrane system,False
GO:0005789,0.565059905862027,6967.059222325947,0.5049656315552892,0.000972977432850216,188,cellular_component,endoplasmic reticulum membrane,False
GO:0000307,0.5643964120790116,7032.718323771491,0.5369814779403522,0.09491043592101994,33,cellular_component,cyclin-dependent protein kinase holoenzyme complex,False
GO:0033962,0.5643483391472668,6705.668770816964,0.385078884443919,0.14836266905493378,19,biological_process,P-body assembly,False
GO:1902600,0.5626434479608794,7072.297664203668,0.5477367126923048,0.007366645802866832,69,biological_process,proton transmembrane transport,False
GO:0000724,0.5626087731366612,7031.915758222693,0.5345225512823278,0.09312564167715182,37,biological_process,double-strand break repair via homologous recombination,False
GO:0009058,0.5620377762187763,6821.049560174516,0.4680328318632631,0.03428017958479658,41,biological_process,biosynthetic process,False
GO:0016042,0.5615359548120791,7164.34593782739,0.5720709155425645,0.30325834476882774,11,biological_process,lipid catabolic process,False
GO:0006900,0.5588725351513353,6752.083429491613,0.4406647989824341,0.19356984455073306,18,biological_process,vesicle budding from membrane,False
GO:2000032,0.5576925729735694,6754.314719964827,0.41557430475086904,0.09156051993345266,12,biological_process,regulation of secondary shoot formation,False
GO:0005832,0.5554299971829852,6922.315437968246,0.454955933840396,0.2203160938448721,15,cellular_component,chaperonin-containing T-complex,False
GO:0005794,0.5553097354755372,7079.395058048632,0.5530121159427812,0.0021725928154623384,221,cellular_component,Golgi apparatus,False
GO:0000272,0.5544972395254881,6418.226406324234,0.3125711388423253,0.18199729591963476,14,biological_process,polysaccharide catabolic process,False
GO:0031011,0.5526339088092076,6942.777337618948,0.4658022455632017,0.09228898600406304,15,cellular_component,Ino80 complex,False
GO:0071004,0.5524344418390397,7397.424355330852,0.6564840136714866,0.03552888995467497,31,cellular_component,U2-type prespliceosome,False
GO:0009733,0.5509318269602163,6637.935748279458,0.4279523947470066,0.339861231857854,12,biological_process,response to auxin,False
GO:0030008,0.5502921223533956,7196.121516451204,0.6027265991052476,0.04975674516102049,13,cellular_component,TRAPP complex,False
GO:0030660,0.5495672484971391,7082.595838562494,0.5358708793198544,0.2653547455699819,13,cellular_component,Golgi-associated vesicle membrane,False
GO:0000932,0.5491767534781412,6875.894664811833,0.4531218331376651,0.11148516957736726,57,cellular_component,P-body,False
GO:0000226,0.5484418217497652,7026.230685815728,0.5308710295870253,0.04100573396482242,35,biological_process,microtubule cytoskeleton organization,False
GO:0016471,0.5471914451927486,7154.91353215223,0.6128480108493144,0.2904685440198368,11,cellular_component,vacuolar proton-transporting V-type ATPase complex,False
GO:0031146,0.5451343169785389,6838.972922605513,0.4610599080701388,0.089292032535701,71,biological_process,SCF-dependent proteasomal ubiquitin-dependent protein catabolic process,False
GO:0006352,0.5448937654551231,6992.599319709981,0.5350349941978532,0.19273983446360776,32,biological_process,DNA-templated transcription initiation,False
GO:1990904,0.5448527929580868,7108.1234410998295,0.5788368620782613,0.06343666845295384,42,cellular_component,ribonucleoprotein complex,False
GO:0005874,0.5444274118861637,7112.6318741641035,0.5826998205046985,0.16478309648650558,44,cellular_component,microtubule,False
GO:0005681,0.544207034620036,7090.1368033552535,0.5490200109367355,0.02895392917131852,53,cellular_component,spliceosomal complex,False
GO:0006810,0.5427062109583672,7222.789148493664,0.6223186515026896,0.1587767232291707,23,biological_process,transport,False
GO:0090333,0.5427056428577176,6596.025276941809,0.417468186097341,0.32979356587396524,11,biological_process,regulation of stomatal closure,False
GO:0045893,0.5402357333487768,6932.9625061947045,0.5062316883116883,0.087626788344555,70,biological_process,positive regulation of DNA-templated transcription,False
GO:0043328,0.5391206507971021,6944.246541295043,0.48923994189032904,0.1804581403119897,23,biological_process,protein transport to vacuole involved in ubiquitin-dependent protein catabolic process via the multivesicular body sorting pathway,False
GO:0000974,0.5391070121504904,6868.531146750439,0.43428985507246376,0.021001768425095112,20,cellular_component,Prp19 complex,False
GO:0061157,0.5390345476931991,6690.914833377727,0.40282242563694,0.06871458799223047,13,biological_process,mRNA destabilization,False
GO:0006351,0.5386522334974708,7072.295490320731,0.5581962439947591,0.07660673718795444,82,biological_process,DNA-templated transcription,False
GO:0098554,0.538650961952179,7132.261334544206,0.5603493552593451,0.27446669216078734,16,cellular_component,cytoplasmic side of endoplasmic reticulum membrane,False
GO:0033619,0.538650961952179,7132.261334544206,0.5603493552593451,0.27446669216078734,16,biological_process,membrane protein proteolysis,False
GO:0098553,0.538650961952179,7132.261334544206,0.5603493552593451,0.27446669216078734,16,cellular_component,lumenal side of endoplasmic reticulum membrane,False
GO:0009639,0.5385768778431921,7055.01244958791,0.5225443058426328,0.07062274222984741,13,biological_process,response to red or far red light,False
GO:0000407,0.5383809730863865,7108.92783863521,0.548024529037646,0.1950422883237164,21,cellular_component,phagophore assembly site,False
GO:0030134,0.538343825607361,6886.064554269213,0.45668087895604276,0.1069487518568138,23,cellular_component,COPII-coated ER to Golgi transport vesicle,False
GO:0000460,0.5363427770934474,7220.310969423282,0.6094257090447297,0.14345946650347047,19,biological_process,maturation of 5.8S rRNA,False
GO:0006694,0.536288732791014,6994.82678990138,0.520326006096156,0.012457266775956894,11,biological_process,steroid biosynthetic process,False
GO:0008610,0.5345370571527427,6569.420145523079,0.3396928222042278,0.3149824160229868,11,biological_process,lipid biosynthetic process,False
GO:0015630,0.533201086941943,7225.973609321533,0.6090611785549136,0.191710193359934,13,cellular_component,microtubule cytoskeleton,False
GO:0006890,0.5321738536477078,7154.283971259343,0.568399420114384,0.13847625209244807,41,biological_process,"retrograde vesicle-mediated transport, Golgi to endoplasmic reticulum",False
GO:0019005,0.5319630730089501,6828.455491602016,0.4599927272727272,0.11769516505831007,70,cellular_component,SCF ubiquitin ligase complex,False
GO:0006874,0.5318687908885692,7164.163120633137,0.6111885310524993,0.2796129732477427,17,biological_process,intracellular calcium ion homeostasis,False
GO:0006508,0.5316863358274647,6973.3972276579,0.5169265444006212,0.051489908248586166,223,biological_process,proteolysis,False
GO:0009833,0.5301124880224815,7265.29855994057,0.653018334661932,0.33910148023281417,21,biological_process,plant-type primary cell wall biogenesis,False
GO:0000122,0.5299471551592192,7154.061955246648,0.568312966050949,0.1994592068000437,27,biological_process,negative regulation of transcription by RNA polymerase II,False
GO:0072546,0.5277153874639747,7151.227360081782,0.5736648472846125,0.18936527871887582,18,cellular_component,EMC complex,False
GO:0000245,0.525559553323245,7041.774327157585,0.5069952549985511,0.06709095921592867,16,biological_process,spliceosomal complex assembly,False
GO:0005787,0.5253868250175007,7013.284552175213,0.5176005108657726,0.00733151029616604,11,cellular_component,signal peptidase complex,False
GO:0046512,0.5245733458855336,7185.523219121461,0.5828280633842224,0.11434242388165361,11,biological_process,sphingosine biosynthetic process,False
GO:0005666,0.5243140092113912,6948.46421994025,0.5188123305393032,0.05650844342698192,31,cellular_component,RNA polymerase III complex,False
GO:0045039,0.5237457098014867,6839.748569645461,0.42798502957865503,0.19882416018731452,15,biological_process,protein insertion into mitochondrial inner membrane,False
GO:0007131,0.5235525616881549,7163.922726072406,0.6018501272738561,0.323366354855513,14,biological_process,reciprocal meiotic recombination,False
GO:0006644,0.5179203682245398,7182.832209505771,0.6253741792197759,0.03724618299761008,12,biological_process,phospholipid metabolic process,False
GO:0008540,0.51706293580206,6814.728442281331,0.44346878107391446,0.12069685281057557,28,cellular_component,"proteasome regulatory particle, base subcomplex",False
GO:0072657,0.5169684678159254,7051.374607959276,0.5224074418989674,0.31993594683662785,14,biological_process,protein localization to membrane,False
GO:0006099,0.5168727129715126,6757.111962445299,0.4276997310264612,0.06747699732353123,64,biological_process,tricarboxylic acid cycle,False
GO:0045292,0.5157381418455876,7021.376068724021,0.5112738345537592,0.365625654594744,27,biological_process,"mRNA cis splicing, via spliceosome",False
GO:0015693,0.5156219158393859,7154.944372366028,0.5716013048205871,0.27740958934702653,25,biological_process,magnesium ion transport,False
GO:0006368,0.5107749617645941,6653.844531645816,0.40293654054257255,0.15971540974228038,27,biological_process,transcription elongation by RNA polymerase II,False
GO:0000290,0.50960577852734,7256.062175932913,0.6185212629045467,0.3233619553818105,13,biological_process,deadenylation-dependent decapping of nuclear-transcribed mRNA,False
GO:0016281,0.509160007403652,6754.113792394646,0.39258792919979274,0.27369514248276094,13,cellular_component,eukaryotic translation initiation factor 4F complex,False
GO:0006406,0.5076168561155506,7159.531069134491,0.5776218450826806,0.43226997689578833,32,biological_process,mRNA export from nucleus,False
GO:0030127,0.5028620983888148,7061.880327034014,0.5352956813842771,0.12499758685588891,27,cellular_component,COPII vesicle coat,False
GO:0000124,0.49950207245800177,7062.899824047752,0.5324580796366096,0.2680815564151577,24,cellular_component,SAGA complex,False
GO:0010506,0.4990947932507785,7218.662022693533,0.6407678786562123,0.2717146841279007,11,biological_process,regulation of autophagy,False
GO:0070847,0.49749804849392015,7156.0647898803445,0.575583176872378,0.18323871278546644,13,cellular_component,core mediator complex,False
GO:0006616,0.4974286542083153,7009.412205156937,0.50663272697171,0.18613592917119443,14,biological_process,"SRP-dependent cotranslational protein targeting to membrane, translocation",False
GO:0005777,0.49691948416664106,6880.427679697689,0.48848822454983354,0.4517285152271287,72,cellular_component,peroxisome,False
GO:0000278,0.4966284594296206,7137.691696680391,0.5839568214804064,0.30462737542941326,40,biological_process,mitotic cell cycle,False
GO:0016559,0.4962623388121396,7012.499361865284,0.571527224435591,0.06104195690177331,15,biological_process,peroxisome fission,False
GO:0000123,0.49358389456151786,7004.317410662374,0.5052567824672973,0.4062525909816258,11,cellular_component,histone acetyltransferase complex,False
GO:0005774,0.4899996015587023,6932.474156356107,0.490130529369108,0.2172802780224553,30,cellular_component,vacuolar membrane,False
GO:0007264,0.4887810530890128,7121.007246333251,0.5631368703723306,0.16207652236580405,13,biological_process,small GTPase-mediated signal transduction,False
GO:0000243,0.48070099210659717,7329.544005837147,0.6117946793593112,0.42047613927745087,11,cellular_component,commitment complex,False
GO:0006621,0.48029456035287676,7160.5511044791965,0.5694001738626485,0.42637596810569545,16,biological_process,protein retention in ER lumen,False
GO:0031124,0.48000177082327183,7084.773125441097,0.5355422341350333,0.205360411162972,16,biological_process,mRNA 3'-end processing,False
GO:0005773,0.47853634828187136,6867.094873598041,0.48634975873430164,0.2655371552901382,27,cellular_component,vacuole,False
GO:0006108,0.47668776589688117,6812.9943950499965,0.4766092464695541,0.008602538350485736,19,biological_process,malate metabolic process,False
GO:0005680,0.47599032366044464,7271.194184606493,0.6231541968189551,0.29885184756325256,21,cellular_component,anaphase-promoting complex,False
GO:0001731,0.47485191623609707,6877.20654913986,0.4744469278367583,0.3759984986668037,14,biological_process,formation of translation preinitiation complex,False
GO:0005956,0.47320514677481657,7182.5964993444895,0.566169370413287,0.1255314806393092,12,cellular_component,protein kinase CK2 complex,False
GO:0005786,0.46969433579603076,6729.375027838462,0.38649862378675937,0.2572646043628712,14,cellular_component,"signal recognition particle, endoplasmic reticulum targeting",False
GO:0005622,0.4685894743655428,7117.12265563338,0.5767230616660992,0.172177632096221,39,cellular_component,intracellular anatomical structure,False
GO:0009505,0.46631929350013684,7420.917719759519,0.699443719911768,0.01994697444209649,18,cellular_component,plant-type cell wall,False
GO:0007035,0.4572559812655417,6974.95375302862,0.5388459588503045,0.15605618943217248,13,biological_process,vacuolar acidification,False
GO:0034063,0.4544569993722536,6729.900230451502,0.3824941536805943,0.275174965249089,14,biological_process,cytoplasmic stress granule assembly,False
GO:0006631,0.4514833368984941,6781.95914261975,0.4615635415157224,0.09824783830137412,18,biological_process,fatty acid metabolic process,False
GO:0033499,0.4509879391750906,6551.9467237904955,0.41297335242435557,0.09641076945908827,13,biological_process,"beta-D-galactose catabolic process via UDP-galactose, Leloir pathway",False
GO:0032981,0.4494034680964112,6979.399571741131,0.5074506110225571,0.02687462797811839,18,biological_process,mitochondrial respiratory chain complex I assembly,False
GO:0006261,0.4492498692100286,6865.623261275593,0.46020041047929494,0.2474800402384949,15,biological_process,DNA-templated DNA replication,False
GO:0016593,0.44841226736186546,6828.945038791761,0.44594105293649067,0.33796643098381485,11,cellular_component,Cdc73/Paf1 complex,False
GO:0005743,0.4407644262059988,6951.204235606115,0.4943968821602176,0.030412605403205024,85,cellular_component,mitochondrial inner membrane,False
GO:0006812,0.4355085414352187,6932.058569050769,0.4847083353459241,0.13080007917222441,18,biological_process,monoatomic cation transport,False
GO:0006086,0.4284630152865319,6747.690170643964,0.40723883554725954,0.12069536598854758,17,biological_process,pyruvate decarboxylation to acetyl-CoA,False
GO:0034976,0.4274492125973688,6953.994378628668,0.5087555561237753,0.11590120988629371,17,biological_process,response to endoplasmic reticulum stress,False
GO:0061024,0.4230599008626239,6845.97366753075,0.44040894167632294,0.08865096945275669,12,biological_process,membrane organization,False
GO:0035999,0.41730184031299816,7041.513465527225,0.5509628234233364,0.159310773369241,18,biological_process,tetrahydrofolate interconversion,False
GO:0006614,0.4164388903843897,6841.5066841145535,0.44381267377353767,0.052759805908842716,22,biological_process,SRP-dependent cotranslational protein targeting to membrane,False
GO:0005778,0.4158619577487502,6875.032370886416,0.4777322206095791,0.031645049627926754,40,cellular_component,peroxisomal membrane,False
GO:0006139,0.41174750423916967,7010.236830143086,0.5120768490822122,0.1342878442857101,22,biological_process,nucleobase-containing compound metabolic process,False
GO:0008654,0.4112245636903469,6687.701744934907,0.4582452814040909,0.10231658370316626,11,biological_process,phospholipid biosynthetic process,False
GO:0030036,0.40185882580146776,6854.072744716405,0.46509269988412516,0.2004950931623154,12,biological_process,actin cytoskeleton organization,False
GO:0009395,0.3972805746710129,6703.739969296792,0.38062054811058793,0.05491854010890656,15,biological_process,phospholipid catabolic process,False
GO:0016925,0.3972075356300749,7091.597318002652,0.5642455610587718,0.031995790453872665,13,biological_process,protein sumoylation,False
GO:0032511,0.3872750249525097,6963.664743978712,0.4974282816574906,0.06971446521991762,16,biological_process,late endosome to vacuole transport via multivesicular body sorting pathway,False
GO:0071577,0.3791201892896808,6910.23094102669,0.4698578257900292,0.024157866293325638,14,biological_process,zinc ion transmembrane transport,False
GO:0000103,0.3717414098770031,7018.8153168566,0.55118892407028,0.054667789783604585,14,biological_process,sulfate assimilation,False
GO:0035145,0.3630944046095781,6869.567210957874,0.44904758455855726,0.014673166159158627,13,cellular_component,exon-exon junction complex,False
GO:0046294,0.35566578962190515,6855.516018875192,0.45583578562070853,0.03019577282756101,11,biological_process,formaldehyde catabolic process,False
GO:0000445,0.33523788833369544,7065.932906102463,0.5357507291028907,0.035823833704766245,11,cellular_component,THO complex part of transcription export complex,False
GO:0006298,0.3349539216869894,7065.120311490684,0.5303585657370519,0.00750179303588175,15,biological_process,mismatch repair,False
GO:0034098,0.30999461931665323,6805.9040365218625,0.42537406096728125,0.010691261305853687,14,cellular_component,VCP-NPL4-UFD1 AAA ATPase complex,False
GO:0031902,0.28026117009167856,6964.451963732127,0.5052151238591917,0.013816059620795794,14,cellular_component,late endosome membrane,False
