clustering,libraries,cluster,n_cells,median_cv,mean_cv,genes_used,silhouette_within_library,silhouette_global
celltype_call,leaf_HD_rep1,Bundle sheath,800,3.3995069247148986,4.102767907455092,1993,0.22398708622876243,0.15706246242161673
celltype_call,leaf_HD_rep1,Companion cells,296,3.1344734634391167,3.6965166843115447,1985,0.2855819825996306,0.24598791851963167
celltype_call,leaf_HD_rep1,Epidermal,497,3.100819838762371,3.6008789270031127,1994,0.3158260622228897,0.2164155897632181
celltype_call,leaf_HD_rep1,Guard cells,34,2.851670163713454,3.1417402346008245,1822,0.21959094966807213,0.22255317276341197
celltype_call,leaf_HD_rep1,Hydathode cells,42,2.9623164595921905,3.4027038090555135,1756,0.19914006911892151,0.21473866180468545
celltype_call,leaf_HD_rep1,Mesophyll,3768,3.028314711791591,3.6009633239571244,1996,0.23788884280952208,0.18989185746210271
celltype_call,leaf_HD_rep1,Unknown,19,2.6437973268005743,2.8180692603389033,1503,0.3210932981647742,0.2415472584862564
celltype_call,leaf_HD_rep1,Vascular/Phloem parenchyma,82,3.428574272305847,3.8592461969726592,1929,0.25147312216908674,0.197652285334169
celltype_call,leaf_HD_rep2,Bundle sheath,391,3.1284603458226576,3.513320155144972,1995,0.1606335497935125,0.14390036558385
celltype_call,leaf_HD_rep2,Companion cells,381,2.8284488841138633,3.1764918577526804,1995,0.279888200667653,0.26863144255249966
celltype_call,leaf_HD_rep2,Epidermal,238,2.576562268192968,2.8337365329681337,1994,0.20667052346799394,0.1380693669294694
celltype_call,leaf_HD_rep2,Guard cells,69,2.223347161302284,2.442371109233123,1986,0.2381267548805015,0.21668984407367592
celltype_call,leaf_HD_rep2,Hydathode cells,50,2.897185952510177,3.2129865401971855,1928,0.3581728732036184,0.2901250547676856
celltype_call,leaf_HD_rep2,Mesophyll,2453,2.964510017749874,3.327738048087195,1996,0.2857914038247637,0.20673772898545037
celltype_call,leaf_HD_rep2,Unknown,56,2.6530153564099805,3.0187520639031074,1920,0.43607014810832456,-0.02243309785510315
celltype_call,leaf_HD_rep2,Vascular/Phloem parenchyma,53,2.6900450579310125,2.9314874481859614,1971,0.25149658288293375,0.16765161532543538
celltype_call,leaf_HD_rep3,Bundle sheath,22,2.8702074648944946,3.0585105594358977,1651,0.24817036073520066,0.15989828516351576
celltype_call,leaf_HD_rep3,Companion cells,34,3.2894832923024273,3.520537082939323,1618,0.39366479979946495,0.2879111356778851
celltype_call,leaf_HD_rep3,Epidermal,1,,,0,0.0,0.16658013625801102
celltype_call,leaf_HD_rep3,Epidermal/Pavement,51,3.3349672327500004,3.6875188477504928,1866,-0.021722793888574912,0.19369994537863253
celltype_call,leaf_HD_rep3,Guard cells,13,2.6491300545867995,2.804539148156086,1381,0.574652355419935,0.3853129606121437
celltype_call,leaf_HD_rep3,Hydathode cells,7,2.6457513110645907,2.210965035410155,1184,0.25835828845323366,0.23552975390774308
celltype_call,leaf_HD_rep3,Mesophyll,547,3.3850715734190695,3.894654091601915,1975,0.44669442861357694,0.14086879704452487
celltype_call,leaf_HD_rep3,Unknown,16,2.770032276090916,2.9044432213049727,1210,0.5066834566134449,-0.05871137150904893
celltype_call,leaf_HD_rep3,Vascular/Phloem parenchyma,11,2.411106022678806,2.5440913685482123,1396,0.205407396985438,0.2469467858378822
celltype_call,leaf_Heat_rep1,Bundle sheath,184,3.359573551730832,3.800756121614827,1984,0.19960127643613282,0.1621916007406928
celltype_call,leaf_Heat_rep1,Companion cells,98,3.878790542082469,4.628330723060629,1754,0.454737568967711,0.2587949616233598
celltype_call,leaf_Heat_rep1,Epidermal,99,3.465541785783578,3.9097063592807513,1941,0.31210426552355025,0.29415934587647424
celltype_call,leaf_Heat_rep1,Epidermal/Pavement,2,1.414213562373095,1.3311691300976405,288,-0.21994907021248336,-0.04832940284197802
celltype_call,leaf_Heat_rep1,Guard cells,28,3.1539749609831578,3.4428495007037316,1691,0.4959781052634586,0.37686670724478166
celltype_call,leaf_Heat_rep1,Hydathode cells,15,2.7607030371259325,2.9415603970485695,1219,0.31170150084769477,0.2811156613312272
celltype_call,leaf_Heat_rep1,Mesophyll,462,3.3322310269696,3.6610338583612583,1990,0.13344290175947873,0.13877101073707365
celltype_call,leaf_Heat_rep1,Unknown,21,3.161544293730491,3.1543353731152646,1467,0.17095199304420336,0.18331750837446856
celltype_call,leaf_Heat_rep1,Vascular/Phloem parenchyma,30,3.159788394149273,3.452909808009193,1720,0.34042591396376837,0.24819763905962555
celltype_call,leaf_Heat_rep2,Bundle sheath,308,3.43344342157475,3.8248909940417093,1995,0.14151010200526867,0.11009068953838293
celltype_call,leaf_Heat_rep2,Companion cells,232,3.4747799274242057,4.561591476653931,1961,0.20000309417115691,0.16986245572445455
celltype_call,leaf_Heat_rep2,Epidermal,114,3.2624567633798094,3.5901951295842274,1976,0.2437363269133481,0.1484484491714104
celltype_call,leaf_Heat_rep2,Guard cells,80,3.043616467709393,3.3519848187016277,1978,0.25230897665260243,0.206986936918383
celltype_call,leaf_Heat_rep2,Hydathode cells,63,3.4155605196521703,3.8005069173881085,1892,0.12811558113010219,0.14023260133456114
celltype_call,leaf_Heat_rep2,Mesophyll,1499,3.2564416480565597,3.5995724950977066,1999,0.19355209283951805,0.18471357188038684
celltype_call,leaf_Heat_rep2,Unknown,28,3.0644573798304466,3.341344713667036,1666,0.07942484418518583,0.08299055123782555
celltype_call,leaf_Heat_rep2,Vascular/Phloem parenchyma,57,3.137480437941345,3.461858043149505,1937,0.00257218695991198,0.04476158201807984
celltype_call,leaf_Heat_rep3,Bundle sheath,142,3.23425167459209,3.5610889505142587,1956,0.04217285070535895,0.14575197512987098
celltype_call,leaf_Heat_rep3,Companion cells,115,3.212658961558796,3.722227316828923,1927,0.36529454487534196,0.2830220202619432
celltype_call,leaf_Heat_rep3,Epidermal,113,3.455534294799154,3.846172876744198,1940,0.18836983939647015,0.1789920879375745
celltype_call,leaf_Heat_rep3,Epidermal/Pavement,167,3.4385075923928277,4.012402129642776,1940,0.06708494559926204,0.13688126723845662
celltype_call,leaf_Heat_rep3,Guard cells,27,2.921866467827211,3.0977434998808095,1751,0.4311745629274495,0.33811650656498093
celltype_call,leaf_Heat_rep3,Hydathode cells,9,2.9999999999999996,2.4174885629277987,1115,0.37881746068594446,0.34571785035624836
celltype_call,leaf_Heat_rep3,Mesophyll,1545,3.3379966064372684,3.8893929913381404,1973,0.3465498445282897,0.16399129550969646
celltype_call,leaf_Heat_rep3,Unknown,35,2.9475435507484398,3.243829382555518,1797,0.1892363432681914,-0.02890043724570713
celltype_call,leaf_Heat_rep3,Vascular/Phloem parenchyma,40,3.3787486600457752,3.688017199451593,1824,0.17856362918531013,0.24828658374549897
celltype_call,leaf_control_rep1,Bundle sheath,630,3.0933054566936575,3.5152638563809684,1964,0.20181480616917694,0.12891750494806453
celltype_call,leaf_control_rep1,Companion cells,264,2.902724153795937,3.3194188821615453,1964,0.17857561018981621,0.16619491012011817
celltype_call,leaf_control_rep1,Epidermal,603,3.1218677863087767,3.6869917119203617,1967,0.1311720945001366,0.22419080293129987
celltype_call,leaf_control_rep1,Epidermal/Pavement,4,2.0,1.7414283388136669,477,0.14168761825794987,-0.053588415865739404
celltype_call,leaf_control_rep1,Guard cells,95,2.7247710012883233,2.9539283083327126,1951,0.2207241836882552,0.20513013794654816
celltype_call,leaf_control_rep1,Hydathode cells,74,2.792672922414394,3.1262498860726984,1930,0.15384654089826794,0.13065720746888446
celltype_call,leaf_control_rep1,Mesophyll,1900,3.039046219030926,3.561195623093399,1969,0.049288273305700084,0.12276501968826807
celltype_call,leaf_control_rep1,Unknown,42,3.1695538176170253,3.4390155874555948,1847,0.44484155318804913,0.2077197212054827
celltype_call,leaf_control_rep1,Vascular/Phloem parenchyma,128,2.9918429337771775,3.341509940754008,1944,0.20464672219570396,0.12378365667300598
celltype_call,leaf_control_rep1A,Bundle sheath,676,3.201515774809529,3.654268479492001,1966,0.11534826001742851,0.1227928073784909
celltype_call,leaf_control_rep1A,Companion cells,241,3.662136066805171,4.585353162673497,1915,0.30667025209988696,0.2614634745762865
celltype_call,leaf_control_rep1A,Epidermal,309,3.3279900789350885,3.86609954403047,1952,0.15441802848756056,0.1881181898630026
celltype_call,leaf_control_rep1A,Epidermal/Pavement,135,3.369774270845325,3.810158783496169,1927,0.0729323399758386,0.0632594703526098
celltype_call,leaf_control_rep1A,Guard cells,41,3.0033812417240955,3.3177995322599725,1853,0.2948269040394502,0.2577430495945456
celltype_call,leaf_control_rep1A,Hydathode cells,47,3.477158707548308,3.770335175395431,1772,0.16118377383581725,0.1084786202139762
celltype_call,leaf_control_rep1A,Mesophyll,1865,3.1966216970922767,3.940188888303297,1968,0.22963659010379806,0.18026502807945366
celltype_call,leaf_control_rep1A,Unknown,49,3.6094313196443704,4.024962327467789,1574,0.2582320048648594,0.198224776292323
celltype_call,leaf_control_rep1A,Vascular/Phloem parenchyma,89,3.3125777582711313,3.685369417987486,1938,0.17092115429909946,0.1571687442785196
celltype_call,leaf_control_rep2,Bundle sheath,123,3.058983919300884,3.409225116225245,1951,0.03905503262165818,0.04020586340025276
celltype_call,leaf_control_rep2,Companion cells,132,3.162496921110482,3.5391942015665334,1959,0.10121795412901873,0.0048514498139518225
celltype_call,leaf_control_rep2,Epidermal,51,3.1002965034882015,3.3967869229804837,1897,0.26980438282237795,0.018886296019722332
celltype_call,leaf_control_rep2,Guard cells,35,2.7513257346069806,3.037617312240916,1869,0.13269833581468152,0.07704546139303094
celltype_call,leaf_control_rep2,Hydathode cells,32,3.1777058573204626,3.36585945308248,1776,0.09626307573024348,0.00936940544735929
celltype_call,leaf_control_rep2,Mesophyll,393,3.1940376402001425,3.5725630758092453,1968,-0.02764260211112644,0.1254766052733664
celltype_call,leaf_control_rep2,Unknown,23,3.317036352426557,3.2723084696488547,1545,0.3381485323675942,0.14588893445424525
celltype_call,leaf_control_rep2,Vascular/Phloem parenchyma,34,2.903977201693591,3.1506361118437125,1854,-0.06453716769310512,-0.1150480158933933
celltype_call,leaf_control_rep3,Bundle sheath,32,3.2146851793735634,3.379310904839378,1714,0.23305270574396572,0.12481245124199924
celltype_call,leaf_control_rep3,Companion cells,100,3.364123277077805,3.9540304511456412,1849,0.2844454211854856,0.23322410159450713
celltype_call,leaf_control_rep3,Epidermal,1,,,0,0.0,0.13155619987168854
celltype_call,leaf_control_rep3,Epidermal/Pavement,277,3.701285109038521,4.391812716945823,1931,-0.040377837273609274,0.16365328116960423
celltype_call,leaf_control_rep3,Guard cells,30,3.350179710585736,3.5643918425987056,1644,0.36783814592493463,0.33071385915631984
celltype_call,leaf_control_rep3,Hydathode cells,9,2.2767721736076774,2.3652077892482692,1128,0.08616542060611163,0.10288589836944603
celltype_call,leaf_control_rep3,Mesophyll,1177,3.3257829950312603,4.067613685823076,1951,0.44031274415219357,0.13044547419789912
celltype_call,leaf_control_rep3,Unknown,21,2.694161354797453,2.91947812980449,1566,0.11539985697632832,-0.10155901821504454
celltype_call,leaf_control_rep3,Vascular/Phloem parenchyma,36,3.383605949657158,3.5760811755044353,1698,0.30648084277638166,0.22071257741608713
celltype_call,leaf_drought_rep1,Bundle sheath,283,3.3037952270971727,3.6286169299715896,1973,0.2734782887260127,0.18699104163939761
celltype_call,leaf_drought_rep1,Companion cells,129,3.7196310550207934,4.414112442864756,1911,0.3691162724217477,0.31814720626546805
celltype_call,leaf_drought_rep1,Epidermal,118,3.4509104583155503,3.8187166239393906,1961,0.2991881562538194,0.2696206693854541
celltype_call,leaf_drought_rep1,Epidermal/Pavement,19,3.0451858606389592,3.212700364547678,1453,0.4235689412120247,0.2533314870927789
celltype_call,leaf_drought_rep1,Guard cells,12,2.411960107110099,2.5935325454877036,1506,0.21356977635441987,0.23604351031225546
celltype_call,leaf_drought_rep1,Hydathode cells,24,3.390492216971176,3.368479650928638,1443,0.31717822075321217,0.2930132535050718
celltype_call,leaf_drought_rep1,Mesophyll,795,3.2572308263736125,3.579477384334132,1980,0.12486270593752859,0.1485382369156384
celltype_call,leaf_drought_rep1,Unknown,17,2.8259729587925446,2.821147500089108,1561,0.0700877550460167,0.11241370953377308
celltype_call,leaf_drought_rep1,Vascular/Phloem parenchyma,37,3.1375633720503866,3.4697418178353074,1843,0.2607754015474058,0.214313203924337
celltype_call,leaf_drought_rep2,Bundle sheath,245,2.994307408530066,3.2930223233681053,1985,0.20266457201003976,0.0705938298166072
celltype_call,leaf_drought_rep2,Companion cells,406,2.6307155492638294,2.88761434820392,1994,0.18440474356253833,0.12462502403714612
celltype_call,leaf_drought_rep2,Epidermal,407,2.7688418575027134,3.0527796274536003,1994,0.24593644735439013,0.20564189289212853
celltype_call,leaf_drought_rep2,Guard cells,85,2.4636750101957205,2.662130287684444,1981,0.16957720977605978,0.13436899634324823
celltype_call,leaf_drought_rep2,Hydathode cells,45,2.6504343997216653,2.8762495182883154,1956,0.0944443187769554,0.02795054268802695
celltype_call,leaf_drought_rep2,Mesophyll,1572,2.986015084199844,3.2941506941832928,1996,0.031966448784114566,0.14644433060401643
celltype_call,leaf_drought_rep2,Unknown,31,2.9689655153343812,3.218428169927514,1782,0.2763097280406002,0.11729743189797551
celltype_call,leaf_drought_rep2,Vascular/Phloem parenchyma,64,2.784857198101613,2.987340143464927,1966,0.05038587312068826,-0.15085700921576017
celltype_call,leaf_drought_rep3,Bundle sheath,36,2.9617862787281712,3.268627346705619,1788,0.16674694832797501,0.1468873820181106
celltype_call,leaf_drought_rep3,Companion cells,55,3.1688035900441096,3.551046956726495,1825,0.31476329878792525,0.2567779979008441
celltype_call,leaf_drought_rep3,Epidermal,14,2.6743030074553356,2.8842924642322387,1317,0.3648074239993302,0.213284507058019
celltype_call,leaf_drought_rep3,Epidermal/Pavement,87,3.5964982351303,4.029773844709418,1899,-0.04213901710249833,0.13002759619860335
celltype_call,leaf_drought_rep3,Guard cells,14,2.653773819259043,2.8260121099192514,1381,0.5779938253085909,0.3830210420830609
celltype_call,leaf_drought_rep3,Hydathode cells,4,2.0,1.7850426051895352,624,0.31402364707710495,0.06359149661500954
celltype_call,leaf_drought_rep3,Mesophyll,802,3.383914476954968,3.940200047056489,1968,0.47557203083860417,0.16053610495396028
celltype_call,leaf_drought_rep3,Unknown,7,2.1721931043282554,2.0872627642970403,1146,0.1379609015009727,0.11611992290093147
celltype_call,leaf_drought_rep3,Vascular/Phloem parenchyma,17,2.8957408387655765,3.0585304344058826,1427,0.3319454449295493,0.3076369508655797
cluster_annot,leaf_HD_rep1,Bundle sheath-10,108,3.4379443563104863,4.125302925905664,1895,0.2927636626465823,0.25284046924857356
cluster_annot,leaf_HD_rep1,Bundle sheath-3,692,3.3607427187627206,4.024253627222262,1990,0.11955037388574204,0.0800826138446386
cluster_annot,leaf_HD_rep1,Companion cells-6,296,3.1344734634391167,3.6965166843115447,1985,0.2560324336869175,0.21252890990839346
cluster_annot,leaf_HD_rep1,Epidermal-4,497,3.100819838762371,3.6008789270031127,1994,0.1945013069397555,0.1129364021038479
cluster_annot,leaf_HD_rep1,Guard cells-12,34,2.851670163713454,3.1417402346008245,1822,0.10931057217686449,0.08712436453053046
cluster_annot,leaf_HD_rep1,Hydathode cells-15,18,2.4156632279233636,2.604124606160053,1627,0.7271189020550399,0.5952832689024355
cluster_annot,leaf_HD_rep1,Hydathode cells-16,24,2.891943397194449,3.139950110346517,1434,0.34404378365301236,0.34085913781592253
cluster_annot,leaf_HD_rep1,Mesophyll-0,668,3.306978107274625,4.008949167918815,1985,0.10160349747382141,0.3036777582070252
cluster_annot,leaf_HD_rep1,Mesophyll-1,1846,2.9987362530244126,3.6606333571347784,1995,0.20553823332917576,0.2656316292972943
cluster_annot,leaf_HD_rep1,Mesophyll-2,835,3.191341919177915,3.7106202003484423,1993,-0.12181402823250327,-0.14348470290873966
cluster_annot,leaf_HD_rep1,Mesophyll-5,418,2.9885563659540306,3.566886945856179,1985,0.44210125056943006,0.22791831786611422
cluster_annot,leaf_HD_rep1,Mesophyll-7,1,,,0,0.0,-0.22105362751527738
cluster_annot,leaf_HD_rep1,Unknown-14,19,2.6437973268005743,2.8180692603389033,1503,0.3112795873804619,0.22674251755478841
cluster_annot,leaf_HD_rep1,Vascular/Phloem parenchyma-11,82,3.428574272305847,3.8592461969726592,1929,0.2116306240667936,0.1478648682609281
cluster_annot,leaf_HD_rep2,Bundle sheath-10,54,2.938899653413752,3.266945077835711,1934,0.24044840173863488,0.2408658226579565
cluster_annot,leaf_HD_rep2,Bundle sheath-3,337,3.147376099145828,3.502576159711985,1992,0.12280170028119597,0.08678619194041795
cluster_annot,leaf_HD_rep2,Companion cells-6,381,2.8284488841138633,3.1764918577526804,1995,0.25988871777670386,0.24000073089764773
cluster_annot,leaf_HD_rep2,Epidermal-4,238,2.576562268192968,2.8337365329681337,1994,0.07188456610204719,-0.012070586540328873
cluster_annot,leaf_HD_rep2,Guard cells-12,69,2.223347161302284,2.442371109233123,1986,0.15131813447114376,0.09701066628068661
cluster_annot,leaf_HD_rep2,Hydathode cells-15,38,2.6686189700829694,2.975841253838689,1913,0.6184353651372166,0.5533701167021369
cluster_annot,leaf_HD_rep2,Hydathode cells-16,12,2.6003440772904405,2.6778300557691668,1225,0.5232672596056772,0.41888574166235987
cluster_annot,leaf_HD_rep2,Mesophyll-0,1072,3.2243467370635703,3.9027970928365754,1993,0.05571611069849799,0.3030154333763639
cluster_annot,leaf_HD_rep2,Mesophyll-1,671,2.7727880187358904,3.3119725223197816,1993,0.18146694140363384,0.09977127198665027
cluster_annot,leaf_HD_rep2,Mesophyll-13,1,,,0,0.0,-0.019815908997465694
cluster_annot,leaf_HD_rep2,Mesophyll-2,270,2.852897817832987,3.1145167567618035,1995,-0.026751125915174808,-0.10196239747407942
cluster_annot,leaf_HD_rep2,Mesophyll-5,438,2.751465249268102,3.0403876939432672,1991,0.19803605669184318,0.13394121750758264
cluster_annot,leaf_HD_rep2,Mesophyll-7,1,,,0,0.0,-0.13414352162097867
cluster_annot,leaf_HD_rep2,Unknown-14,56,2.6530153564099805,3.0187520639031074,1920,0.28060417003470567,-0.05790594047868179
cluster_annot,leaf_HD_rep2,Vascular/Phloem parenchyma-11,53,2.6900450579310125,2.9314874481859614,1971,0.20003255544947426,0.10735363084942101
cluster_annot,leaf_HD_rep3,Bundle sheath-10,17,2.831661032880225,2.833790184858718,1541,0.5082862990874549,0.31610947327286226
cluster_annot,leaf_HD_rep3,Bundle sheath-3,5,2.2360679774997894,1.9400971763502128,796,0.22110631492943017,0.12458666671640825
cluster_annot,leaf_HD_rep3,Companion cells-6,34,3.2894832923024273,3.520537082939323,1618,0.3771211470706841,0.25406371890734797
cluster_annot,leaf_HD_rep3,Epidermal-4,1,,,0,0.0,0.16658013625801102
cluster_annot,leaf_HD_rep3,Epidermal/Pavement-9,51,3.3349672327500004,3.6875188477504928,1866,-0.05008948952197043,0.13554728165702756
cluster_annot,leaf_HD_rep3,Guard cells-12,13,2.6491300545867995,2.804539148156086,1381,0.563922605426181,0.3625246658273492
cluster_annot,leaf_HD_rep3,Hydathode cells-15,2,1.4142135623730951,1.3404749090615071,614,0.7099403720948869,0.5897663567503015
cluster_annot,leaf_HD_rep3,Hydathode cells-16,5,2.2360679774997894,1.9758027103246933,956,0.5863315994965286,0.49665962496566707
cluster_annot,leaf_HD_rep3,Mesophyll-0,8,2.82842712474619,2.303921938217604,992,0.22059167681819397,0.16716749964519823
cluster_annot,leaf_HD_rep3,Mesophyll-1,1,,,0,0.0,0.13788523698496036
cluster_annot,leaf_HD_rep3,Mesophyll-13,66,3.0926381749050176,3.4877596036807836,1885,0.46603876601287314,0.2674766918327358
cluster_annot,leaf_HD_rep3,Mesophyll-7,349,3.438915093595157,4.253076364726395,1942,0.2551497900655315,0.3811686488952462
cluster_annot,leaf_HD_rep3,Mesophyll-8,123,3.1714673519831096,3.584519328758812,1950,0.2281586902507799,0.22634352448170714
cluster_annot,leaf_HD_rep3,Unknown-14,16,2.770032276090916,2.9044432213049727,1210,0.4730100253884,-0.130136995327585
cluster_annot,leaf_HD_rep3,Vascular/Phloem parenchyma-11,11,2.411106022678806,2.5440913685482123,1396,0.17292097702229825,0.18872759494228342
cluster_annot,leaf_Heat_rep1,Bundle sheath-10,41,3.2796767543855117,3.6536997577352017,1754,0.357254179523284,0.30383379441480024
cluster_annot,leaf_Heat_rep1,Bundle sheath-3,143,3.2955786930526445,3.687755669945106,1975,-0.036320588533192755,0.10269845813287562
cluster_annot,leaf_Heat_rep1,Companion cells-6,98,3.878790542082469,4.628330723060629,1754,0.4185160136379314,0.22795394643367134
cluster_annot,leaf_Heat_rep1,Epidermal-4,99,3.465541785783578,3.9097063592807513,1941,0.2427133992722347,0.22727653294388997
cluster_annot,leaf_Heat_rep1,Epidermal/Pavement-9,2,1.414213562373095,1.3311691300976405,288,-0.2473424042531973,-0.04832940284197802
cluster_annot,leaf_Heat_rep1,Guard cells-12,28,3.1539749609831578,3.4428495007037316,1691,0.4256978818095799,0.31836072629722934
cluster_annot,leaf_Heat_rep1,Hydathode cells-15,10,3.162277660168379,2.499160030980402,987,0.7253477795683725,0.6001398727467432
cluster_annot,leaf_Heat_rep1,Hydathode cells-16,5,2.23606797749979,1.977383507167481,649,0.30980768500340206,0.3152673758874912
cluster_annot,leaf_Heat_rep1,Mesophyll-0,189,3.2557805790738996,3.8517473052873727,1941,0.23508152529124016,0.3098141294848072
cluster_annot,leaf_Heat_rep1,Mesophyll-1,21,2.8121420985827217,2.95961421856497,1513,0.2087224622974464,0.13821518393030058
cluster_annot,leaf_Heat_rep1,Mesophyll-2,206,3.407594462742051,3.8647226730086994,1974,-0.07026923278629678,-0.06131839880635389
cluster_annot,leaf_Heat_rep1,Mesophyll-5,33,3.223018266717811,3.329149390804187,1791,0.5164415023879289,0.2533739717860429
cluster_annot,leaf_Heat_rep1,Mesophyll-7,9,2.081522049095491,2.3040860356856654,1169,0.23014611372794316,0.13339074129303125
cluster_annot,leaf_Heat_rep1,Mesophyll-8,4,2.0,1.7452504171370573,730,-0.060963687954223605,-0.153286701810883
cluster_annot,leaf_Heat_rep1,Unknown-14,21,3.161544293730491,3.1543353731152646,1467,0.1426981508304141,0.1658936503367657
cluster_annot,leaf_Heat_rep1,Vascular/Phloem parenchyma-11,30,3.159788394149273,3.452909808009193,1720,0.2686977259628,0.2061216788234518
cluster_annot,leaf_Heat_rep2,Bundle sheath-10,59,3.236398460158222,3.5607124162719814,1914,0.182074346099714,0.09450725415825682
cluster_annot,leaf_Heat_rep2,Bundle sheath-3,249,3.43866895779296,3.814994914045297,1990,0.047948322126936053,-0.0037165147945347017
cluster_annot,leaf_Heat_rep2,Companion cells-6,232,3.4747799274242057,4.561591476653931,1961,0.17392374745850797,0.1300338651197267
cluster_annot,leaf_Heat_rep2,Epidermal-4,114,3.2624567633798094,3.5901951295842274,1976,0.08466767726275162,-0.030073041389213052
cluster_annot,leaf_Heat_rep2,Guard cells-12,80,3.043616467709393,3.3519848187016277,1978,0.16090360491004824,0.08539321380505385
cluster_annot,leaf_Heat_rep2,Hydathode cells-15,36,3.2921173776907424,3.510300467942076,1763,0.4154918008183506,0.38596109105602344
cluster_annot,leaf_Heat_rep2,Hydathode cells-16,27,3.116900147407775,3.368732206898229,1706,0.34517597445638587,0.3226320059841831
cluster_annot,leaf_Heat_rep2,Mesophyll-0,339,3.344449093436054,3.909930263720277,1982,0.3505397218670105,0.2803156740652237
cluster_annot,leaf_Heat_rep2,Mesophyll-1,660,3.338669808028079,4.0348124902676465,1972,0.18835561480646879,0.23809382346975408
cluster_annot,leaf_Heat_rep2,Mesophyll-2,153,3.2291444258229967,3.5516114611638896,1989,-0.13806513849183544,-0.1878593594673228
cluster_annot,leaf_Heat_rep2,Mesophyll-5,347,3.236453425725784,3.6184322670507583,1997,0.23043247329634825,0.1637489866536461
cluster_annot,leaf_Heat_rep2,Unknown-14,28,3.0644573798304466,3.341344713667036,1666,0.06187301390948328,0.057361514277099304
cluster_annot,leaf_Heat_rep2,Vascular/Phloem parenchyma-11,57,3.137480437941345,3.461858043149505,1937,-0.05503694832097571,-0.03476066050046804
cluster_annot,leaf_Heat_rep3,Bundle sheath-10,38,3.1110599587389562,3.3641234781783056,1830,0.3068748782042657,0.28324771918117997
cluster_annot,leaf_Heat_rep3,Bundle sheath-3,104,3.214292254758967,3.5336249511180644,1951,0.04804397396316959,0.07635446212709372
cluster_annot,leaf_Heat_rep3,Companion cells-6,115,3.212658961558796,3.722227316828923,1927,0.3000169966816987,0.25184318524828403
cluster_annot,leaf_Heat_rep3,Epidermal-4,113,3.455534294799154,3.846172876744198,1940,0.11719170965890569,0.11700376532590344
cluster_annot,leaf_Heat_rep3,Epidermal/Pavement-9,167,3.4385075923928277,4.012402129642776,1940,0.0359233757180417,0.10278691759546005
cluster_annot,leaf_Heat_rep3,Guard cells-12,27,2.921866467827211,3.0977434998808095,1751,0.3399926219734653,0.22526485662992116
cluster_annot,leaf_Heat_rep3,Hydathode cells-15,6,2.449489742783178,2.053724873968663,789,0.7974421683512235,0.6201758387510429
cluster_annot,leaf_Heat_rep3,Hydathode cells-16,3,1.7320508075688774,1.5852405207376392,703,0.7503376833884929,0.5376163977171154
cluster_annot,leaf_Heat_rep3,Mesophyll-0,453,3.390985498365426,4.152095436899847,1955,0.32674419993292675,0.31878501128970016
cluster_annot,leaf_Heat_rep3,Mesophyll-1,1,,,0,0.0,-0.02994555029267243
cluster_annot,leaf_Heat_rep3,Mesophyll-13,137,3.1609129000799223,3.6820800369352416,1916,0.13453691892240238,0.20255986659690686
cluster_annot,leaf_Heat_rep3,Mesophyll-2,55,3.274942707779684,3.6405322276720162,1864,-0.024919942115639523,-0.09798131106035317
cluster_annot,leaf_Heat_rep3,Mesophyll-5,59,3.1847760982297206,3.5685587547511495,1874,0.018269536650650994,0.012767424868832587
cluster_annot,leaf_Heat_rep3,Mesophyll-7,632,3.476564517181912,4.46107416341568,1956,0.2683690497963936,0.30282454834948347
cluster_annot,leaf_Heat_rep3,Mesophyll-8,208,3.1608485812509772,3.5719306803273487,1957,0.14822214339059372,0.162368736366004
cluster_annot,leaf_Heat_rep3,Unknown-14,35,2.9475435507484398,3.243829382555518,1797,0.13170775999069448,-0.07903204184423962
cluster_annot,leaf_Heat_rep3,Vascular/Phloem parenchyma-11,40,3.3787486600457752,3.688017199451593,1824,0.14815879109235336,0.22809789019481846
cluster_annot,leaf_control_rep1,Bundle sheath-10,115,3.0978753083221937,3.4793491017539977,1947,0.21645109562118028,0.1738575979766342
cluster_annot,leaf_control_rep1,Bundle sheath-3,515,3.0807009982737354,3.5251760517231356,1961,0.05314538459230655,0.04750686251411587
cluster_annot,leaf_control_rep1,Companion cells-6,264,2.902724153795937,3.3194188821615453,1964,0.12701470549343427,0.12528203538073354
cluster_annot,leaf_control_rep1,Epidermal-4,603,3.1218677863087767,3.6869917119203617,1967,0.0035294994217053136,0.09550947371853362
cluster_annot,leaf_control_rep1,Epidermal/Pavement-9,4,2.0,1.7414283388136669,477,0.14168761825794987,-0.053588415865739404
cluster_annot,leaf_control_rep1,Guard cells-12,95,2.7247710012883233,2.9539283083327126,1951,0.13089523455149885,0.1290202553666306
cluster_annot,leaf_control_rep1,Hydathode cells-15,38,2.604064482978882,2.889976356379696,1888,0.3726422252233754,0.39238506316776905
cluster_annot,leaf_control_rep1,Hydathode cells-16,36,2.7831900281226494,3.068412060189797,1858,0.276815298280876,0.2618480334120221
cluster_annot,leaf_control_rep1,Mesophyll-0,662,3.2702677856109297,4.188798158166102,1948,0.37375675218142185,0.3094283209854644
cluster_annot,leaf_control_rep1,Mesophyll-1,119,3.0080422695765283,3.5659621157979555,1908,0.179737096454719,0.20618418583846956
cluster_annot,leaf_control_rep1,Mesophyll-2,849,2.9945325033775196,3.449579711244334,1968,-0.16981424134407103,-0.16934610554302648
cluster_annot,leaf_control_rep1,Mesophyll-5,266,2.8906444537259897,3.36125620927967,1961,0.34033683601270254,0.209602827987013
cluster_annot,leaf_control_rep1,Mesophyll-7,2,1.414213562373095,1.2781287020259748,443,-0.04240869799160388,0.06453196519094295
cluster_annot,leaf_control_rep1,Mesophyll-8,2,1.414213562373095,1.2835788463071804,432,-0.17778633588856185,-0.12793632631479399
cluster_annot,leaf_control_rep1,Unknown-14,42,3.1695538176170253,3.4390155874555948,1847,0.4247492892612514,0.1845447049747569
cluster_annot,leaf_control_rep1,Vascular/Phloem parenchyma-11,128,2.9918429337771775,3.341509940754008,1944,0.11896348267418534,0.04748982379304458
cluster_annot,leaf_control_rep1A,Bundle sheath-10,98,3.4052139577987854,3.826771576361743,1915,0.3085624481533844,0.2649454205036411
cluster_annot,leaf_control_rep1A,Bundle sheath-3,578,3.174487477466016,3.6416878201824994,1966,0.015192073394081369,0.04338442907836549
cluster_annot,leaf_control_rep1A,Companion cells-6,241,3.662136066805171,4.585353162673497,1915,0.2770364965122667,0.22719649678570464
cluster_annot,leaf_control_rep1A,Epidermal-4,309,3.3279900789350885,3.86609954403047,1952,0.04444046056610354,0.062033201008354535
cluster_annot,leaf_control_rep1A,Epidermal/Pavement-9,135,3.369774270845325,3.810158783496169,1927,0.049214864960483995,0.03966909740420056
cluster_annot,leaf_control_rep1A,Guard cells-12,41,3.0033812417240955,3.3177995322599725,1853,0.21057999920056641,0.1631300686066383
cluster_annot,leaf_control_rep1A,Hydathode cells-15,26,3.1470545141098305,3.3640002295161366,1631,0.4479754211010307,0.41584438599208734
cluster_annot,leaf_control_rep1A,Hydathode cells-16,21,3.180437844423544,3.2217864761830466,1486,0.2346401835703538,0.17764467275249038
cluster_annot,leaf_control_rep1A,Mesophyll-0,949,3.2248287827251203,4.615570700829632,1917,0.23319611826495737,0.29127642202268456
cluster_annot,leaf_control_rep1A,Mesophyll-1,58,2.999493451350846,3.419479597204483,1797,0.17324623528178262,0.15666581846675445
cluster_annot,leaf_control_rep1A,Mesophyll-13,93,3.336489713494821,3.7920598612361482,1869,0.22688627808484874,0.14490812464021582
cluster_annot,leaf_control_rep1A,Mesophyll-2,79,3.1891778360230263,3.5589664212046337,1921,-0.14169781150826702,-0.23029709936821618
cluster_annot,leaf_control_rep1A,Mesophyll-5,451,3.269084528024189,3.8585189641645785,1954,0.07859373047879673,0.16121463271823203
cluster_annot,leaf_control_rep1A,Mesophyll-7,168,3.123573656956767,3.8722945595601934,1840,0.17733198200045772,0.1445129532183702
cluster_annot,leaf_control_rep1A,Mesophyll-8,67,3.0941855107860254,3.442310333462931,1900,0.007218813529721714,-0.03455043038508818
cluster_annot,leaf_control_rep1A,Unknown-14,49,3.6094313196443704,4.024962327467789,1574,0.2413931813534052,0.18093972292955263
cluster_annot,leaf_control_rep1A,Vascular/Phloem parenchyma-11,89,3.3125777582711313,3.685369417987486,1938,0.12302720500221857,0.10464589374075463
cluster_annot,leaf_control_rep2,Bundle sheath-10,20,2.836400297155104,2.9507084066288347,1652,0.1770801168369343,-0.010388062545732546
cluster_annot,leaf_control_rep2,Bundle sheath-3,103,3.0461067236580637,3.3769996990646782,1943,-0.04366742375580769,-0.0996273088701203
cluster_annot,leaf_control_rep2,Companion cells-6,132,3.162496921110482,3.5391942015665334,1959,0.06087619032381214,-0.06461914030295939
cluster_annot,leaf_control_rep2,Epidermal-4,51,3.1002965034882015,3.3967869229804837,1897,0.004266471632419265,-0.2522937776952848
cluster_annot,leaf_control_rep2,Guard cells-12,35,2.7513257346069806,3.037617312240916,1869,0.06164366769749805,-0.08255251810565765
cluster_annot,leaf_control_rep2,Hydathode cells-15,22,3.236699164110617,3.1533690333219004,1656,0.327021979687656,0.2523116844142254
cluster_annot,leaf_control_rep2,Hydathode cells-16,10,2.4674760624312366,2.5106491282680414,1285,0.1562977701950385,-0.0986974928605399
cluster_annot,leaf_control_rep2,Mesophyll-0,150,3.101404146506029,3.5529141520351715,1931,0.30636469493459517,0.2602338572238739
cluster_annot,leaf_control_rep2,Mesophyll-1,11,2.3038372791592723,2.4827614968522793,1300,0.128494278846017,0.14616728892233255
cluster_annot,leaf_control_rep2,Mesophyll-2,59,3.193761683040276,3.52739733864232,1891,-0.15648427193184022,-0.2165793095845731
cluster_annot,leaf_control_rep2,Mesophyll-5,173,3.2142129678974993,3.588450597971954,1955,0.17284086465211598,0.09522375612676537
cluster_annot,leaf_control_rep2,Unknown-14,23,3.317036352426557,3.2723084696488547,1545,0.32870928396813553,0.11236719878805346
cluster_annot,leaf_control_rep2,Vascular/Phloem parenchyma-11,34,2.903977201693591,3.1506361118437125,1854,-0.13622293926117615,-0.2483799045617881
cluster_annot,leaf_control_rep3,Bundle sheath-10,27,3.0222637611863385,3.240689389280897,1639,0.3656179880345129,0.2533748693633668
cluster_annot,leaf_control_rep3,Bundle sheath-3,5,2.2360679774997894,1.9702126279699705,826,0.025482037855817485,-0.08281701385895524
cluster_annot,leaf_control_rep3,Companion cells-6,100,3.364123277077805,3.9540304511456412,1849,0.2564832310370231,0.18214209868550854
cluster_annot,leaf_control_rep3,Epidermal-4,1,,,0,0.0,0.13155619987168854
cluster_annot,leaf_control_rep3,Epidermal/Pavement-9,277,3.701285109038521,4.391812716945823,1931,-0.060527383920297086,0.1180530763400403
cluster_annot,leaf_control_rep3,Guard cells-12,30,3.350179710585736,3.5643918425987056,1644,0.3182404961385104,0.2532940568692317
cluster_annot,leaf_control_rep3,Hydathode cells-15,4,2.0,1.7153897613442972,865,0.29332451196744047,0.34368865911645163
cluster_annot,leaf_control_rep3,Hydathode cells-16,5,2.23606797749979,1.892729030660352,672,0.15400249321874274,0.21010433923445007
cluster_annot,leaf_control_rep3,Mesophyll-0,8,2.1309180329332067,2.192134866416431,1000,0.33484026731476296,0.18548807245724036
cluster_annot,leaf_control_rep3,Mesophyll-1,2,1.414213562373095,1.0759609904834215,208,0.6311934653539983,0.05984913805132295
cluster_annot,leaf_control_rep3,Mesophyll-13,148,3.0495408329608207,3.519242401221427,1899,0.014398923145560037,0.1180007540932372
cluster_annot,leaf_control_rep3,Mesophyll-2,7,2.6457513110645907,2.246187399391773,1060,-0.0016362682070928363,-0.06081974347895891
cluster_annot,leaf_control_rep3,Mesophyll-5,1,,,0,0.0,0.07220016219088068
cluster_annot,leaf_control_rep3,Mesophyll-7,725,3.4211740410272236,4.602882758574123,1922,0.0976015081559219,0.31765511604005825
cluster_annot,leaf_control_rep3,Mesophyll-8,286,3.2431659171540557,3.849911066721667,1938,0.02488001241572745,0.104827705623203
cluster_annot,leaf_control_rep3,Unknown-14,21,2.694161354797453,2.91947812980449,1566,0.03729715961624282,-0.16665553681552242
cluster_annot,leaf_control_rep3,Vascular/Phloem parenchyma-11,36,3.383605949657158,3.5760811755044353,1698,0.265990645811669,0.14748608467662125
cluster_annot,leaf_drought_rep1,Bundle sheath-10,37,3.1911350207585385,3.4652099658492093,1827,0.2163438915560124,0.20653163806115685
cluster_annot,leaf_drought_rep1,Bundle sheath-3,246,3.293711808002178,3.6040211820504173,1968,0.13690371025670517,0.15196148087175312
cluster_annot,leaf_drought_rep1,Companion cells-6,129,3.7196310550207934,4.414112442864756,1911,0.3430735802615046,0.2958300429758687
cluster_annot,leaf_drought_rep1,Epidermal-4,118,3.4509104583155503,3.8187166239393906,1961,0.21202481077886015,0.1990030626908466
cluster_annot,leaf_drought_rep1,Epidermal/Pavement-9,19,3.0451858606389592,3.212700364547678,1453,0.4235689412120247,0.2533314870927789
cluster_annot,leaf_drought_rep1,Guard cells-12,12,2.411960107110099,2.5935325454877036,1506,0.11557365662245848,0.16290381669238083
cluster_annot,leaf_drought_rep1,Hydathode cells-15,11,3.3166247903553994,2.6356928881515254,1042,0.7284324699795358,0.6047044542615954
cluster_annot,leaf_drought_rep1,Hydathode cells-16,13,2.711738107698981,2.839356640909077,1153,0.6701472852050819,0.5161743063273024
cluster_annot,leaf_drought_rep1,Mesophyll-0,338,3.3029965484759014,3.858784517807334,1957,0.11152941514030758,0.3108992173792992
cluster_annot,leaf_drought_rep1,Mesophyll-1,40,3.1397730482200177,3.3797317302103322,1753,0.2990098877419881,0.09252423973211041
cluster_annot,leaf_drought_rep1,Mesophyll-13,19,2.7772733780629197,2.8750540864920486,1618,0.3018345587717553,0.15853857659412965
cluster_annot,leaf_drought_rep1,Mesophyll-2,167,3.329940389677878,3.6468200249562086,1964,-0.11478016479895203,-0.12929504574872658
cluster_annot,leaf_drought_rep1,Mesophyll-5,196,3.2449678350925706,3.630753630717494,1969,0.16773691020046114,0.19519380339806275
cluster_annot,leaf_drought_rep1,Mesophyll-7,22,3.027412019873447,3.1240457875200014,1570,0.31315708977203394,0.07428935796375968
cluster_annot,leaf_drought_rep1,Mesophyll-8,13,2.5658209740029934,2.6964043500713,1436,-0.0038911420783552084,0.02255769734633602
cluster_annot,leaf_drought_rep1,Unknown-14,17,2.8259729587925446,2.821147500089108,1561,0.04813908979485968,0.08969918240559852
cluster_annot,leaf_drought_rep1,Vascular/Phloem parenchyma-11,37,3.1375633720503866,3.4697418178353074,1843,0.20598119973763634,0.16015277212269707
cluster_annot,leaf_drought_rep2,Bundle sheath-10,56,2.7115621685895404,2.948247947774154,1958,0.20110211387592145,0.03612147029550766
cluster_annot,leaf_drought_rep2,Bundle sheath-3,189,3.0390231924722375,3.365858161999963,1985,-0.004619203627365483,-0.11356243263912638
cluster_annot,leaf_drought_rep2,Companion cells-6,406,2.6307155492638294,2.88761434820392,1994,0.15500113079242692,0.07957475441257941
cluster_annot,leaf_drought_rep2,Epidermal-4,407,2.7688418575027134,3.0527796274536003,1994,0.13263794134076531,0.07210104096472944
cluster_annot,leaf_drought_rep2,Guard cells-12,85,2.4636750101957205,2.662130287684444,1981,0.07574403472010756,0.02880354592149084
cluster_annot,leaf_drought_rep2,Hydathode cells-15,31,2.487362883917631,2.6874525560347404,1930,0.25594707312164416,0.2600444485367746
cluster_annot,leaf_drought_rep2,Hydathode cells-16,14,2.5629730557282207,2.5993885739210274,1643,0.16556053497454828,0.019901534841030296
cluster_annot,leaf_drought_rep2,Mesophyll-0,324,3.2799395174206367,3.7390593523609224,1984,0.29776156733018233,0.29175984735544686
cluster_annot,leaf_drought_rep2,Mesophyll-1,571,3.0725932607068693,3.472637881629682,1995,0.2623131141127945,0.23690851107800265
cluster_annot,leaf_drought_rep2,Mesophyll-2,501,2.7809040782344163,3.06829718238214,1991,0.04618640492730422,-0.06926731126546619
cluster_annot,leaf_drought_rep2,Mesophyll-5,176,2.8594916245688777,3.128651245776683,1985,0.1618130771289686,0.07443054257805216
cluster_annot,leaf_drought_rep2,Unknown-14,31,2.9689655153343812,3.218428169927514,1782,0.25940859473419847,0.0881089998118097
cluster_annot,leaf_drought_rep2,Vascular/Phloem parenchyma-11,64,2.784857198101613,2.987340143464927,1966,-0.10016637550076835,-0.2863005168489493
cluster_annot,leaf_drought_rep3,Bundle sheath-10,27,2.9043043247282663,3.0827126239124745,1700,0.4011367366618663,0.32583714561700605
cluster_annot,leaf_drought_rep3,Bundle sheath-3,9,2.9999999999999996,2.3915491199054277,1177,0.05089671664884286,0.019880366899928097
cluster_annot,leaf_drought_rep3,Companion cells-6,55,3.1688035900441096,3.551046956726495,1825,0.29338146733106446,0.21406779665000378
cluster_annot,leaf_drought_rep3,Epidermal-4,14,2.6743030074553356,2.8842924642322387,1317,0.3336994762958446,0.1675376570969304
cluster_annot,leaf_drought_rep3,Epidermal/Pavement-9,87,3.5964982351303,4.029773844709418,1899,-0.07547643623472719,0.06162855638655412
cluster_annot,leaf_drought_rep3,Guard cells-12,14,2.653773819259043,2.8260121099192514,1381,0.5562897705604969,0.3350672827125539
cluster_annot,leaf_drought_rep3,Hydathode cells-16,4,2.0,1.7850426051895352,624,0.2869662351076392,0.29150215299358767
cluster_annot,leaf_drought_rep3,Mesophyll-0,89,3.4173578698219393,3.9347970758501307,1873,0.34543610334205055,0.2504653355784271
cluster_annot,leaf_drought_rep3,Mesophyll-1,2,1.414213562373095,1.293787396754022,379,0.1150041911766002,-0.03827977902233755
cluster_annot,leaf_drought_rep3,Mesophyll-13,61,2.9731518731868594,3.3607926928667147,1873,0.1670135900939401,0.2085383336653206
cluster_annot,leaf_drought_rep3,Mesophyll-2,12,2.7266363082151366,2.7617355448148144,1246,-0.10411413079729885,-0.16657355634806564
cluster_annot,leaf_drought_rep3,Mesophyll-5,6,2.449489742783178,1.9999818137560905,1160,0.12597532085723626,0.11045895634442249
cluster_annot,leaf_drought_rep3,Mesophyll-7,473,3.4217376780836406,4.199900980556332,1953,0.14552488711445813,0.28107612348235084
cluster_annot,leaf_drought_rep3,Mesophyll-8,159,3.1850370246451316,3.576319222350828,1945,0.1127043057653173,0.1462801434146402
cluster_annot,leaf_drought_rep3,Unknown-14,7,2.1721931043282554,2.0872627642970403,1146,0.10000202422123242,0.06218422281369562
cluster_annot,leaf_drought_rep3,Vascular/Phloem parenchyma-11,17,2.8957408387655765,3.0585304344058826,1427,0.3144699580352142,0.27705579367562294
