celltype_call,replicate,treatment,n_cells,total_umis,cp_total,cp_median_gene,cp_median_gene_per_cell,cp_pct_reads,ct_total,ct_median_gene,ct_median_gene_per_cell,ct_pct_reads,cr_total,cr_median_gene,cr_median_gene_per_cell,cr_pct_reads,organelle_total,organelle_median_gene,organelle_median_gene_per_cell,organelle_pct_reads
Bundle sheath,rep1,Control,630,756646,8349,39.5,0.0627,1.1034,948,0.0,0.0,0.1253,128682,0.0,0.0,17.0069,137979,11.5,0.0183,18.2356
Bundle sheath,rep1,Drought,283,323196,4538,13.0,0.0459,1.4041,521,0.0,0.0,0.1612,80472,3.5,0.0124,24.8988,85531,5.0,0.0177,26.4641
Bundle sheath,rep1,HD,800,783340,5379,19.0,0.0238,0.6867,899,0.0,0.0,0.1148,72940,0.0,0.0,9.3114,79218,5.0,0.0062,10.1129
Bundle sheath,rep1,Heat,184,170671,1954,9.0,0.0489,1.1449,145,0.0,0.0,0.085,25383,0.5,0.0027,14.8725,27482,2.0,0.0109,16.1023
Bundle sheath,rep1A,Control,676,749184,12218,46.5,0.0688,1.6308,1028,0.0,0.0,0.1372,114404,0.5,0.0007,15.2705,127650,8.5,0.0126,17.0385
Bundle sheath,rep2,Control,123,149023,1219,4.0,0.0325,0.818,53,0.0,0.0,0.0356,40643,0.5,0.0041,27.273,41915,1.0,0.0081,28.1265
Bundle sheath,rep2,Drought,245,473710,8365,22.0,0.0898,1.7658,709,0.0,0.0,0.1497,207464,2.5,0.0102,43.7956,216538,5.5,0.0224,45.7111
Bundle sheath,rep2,HD,391,484934,4321,11.0,0.0281,0.891,413,0.0,0.0,0.0852,77305,1.0,0.0026,15.9413,82039,3.0,0.0077,16.9176
Bundle sheath,rep2,Heat,308,290965,1398,4.0,0.013,0.4805,117,0.0,0.0,0.0402,38880,0.0,0.0,13.3624,40395,1.0,0.0032,13.8831
Bundle sheath,rep3,Control,32,37203,172,1.0,0.0312,0.4623,18,0.0,0.0,0.0484,22,0.0,0.0,0.0591,212,0.0,0.0,0.5698
Bundle sheath,rep3,Drought,36,44020,175,1.0,0.0278,0.3975,17,0.0,0.0,0.0386,50,0.0,0.0,0.1136,242,0.0,0.0,0.5498
Bundle sheath,rep3,HD,22,28439,91,0.0,0.0,0.32,10,0.0,0.0,0.0352,32,0.0,0.0,0.1125,133,0.0,0.0,0.4677
Bundle sheath,rep3,Heat,142,135905,616,2.5,0.0176,0.4533,67,0.0,0.0,0.0493,257,0.0,0.0,0.1891,940,1.0,0.007,0.6917
Companion cells,rep1,Control,264,470058,5212,26.0,0.0985,1.1088,507,0.0,0.0,0.1079,58054,0.0,0.0,12.3504,63773,6.0,0.0227,13.567
Companion cells,rep1,Drought,129,164937,2086,7.0,0.0543,1.2647,253,0.0,0.0,0.1534,38154,1.0,0.0078,23.1325,40493,2.0,0.0155,24.5506
Companion cells,rep1,HD,296,440641,4188,16.0,0.0541,0.9504,654,0.0,0.0,0.1484,39917,0.0,0.0,9.0588,44759,2.0,0.0068,10.1577
Companion cells,rep1,Heat,98,93702,828,2.5,0.0255,0.8837,89,0.0,0.0,0.095,9517,0.0,0.0,10.1567,10434,0.5,0.0051,11.1353
Companion cells,rep1A,Control,241,319244,4540,16.0,0.0664,1.4221,406,0.0,0.0,0.1272,36898,0.5,0.0021,11.5579,41844,3.0,0.0124,13.1072
Companion cells,rep2,Control,132,172858,1317,2.5,0.0189,0.7619,81,0.0,0.0,0.0469,40480,0.0,0.0,23.4181,41878,1.0,0.0076,24.2268
Companion cells,rep2,Drought,406,1110347,14837,35.5,0.0874,1.3362,1377,0.5,0.0012,0.124,379739,5.5,0.0135,34.2,395953,11.5,0.0283,35.6603
Companion cells,rep2,HD,381,753331,5167,13.5,0.0354,0.6859,494,0.0,0.0,0.0656,95255,0.0,0.0,12.6445,100916,4.0,0.0105,13.396
Companion cells,rep2,Heat,232,267007,1290,3.0,0.0129,0.4831,101,0.0,0.0,0.0378,34004,0.0,0.0,12.7352,35395,1.0,0.0043,13.2562
Companion cells,rep3,Control,100,117548,545,2.0,0.02,0.4636,59,0.0,0.0,0.0502,85,0.0,0.0,0.0723,689,0.5,0.005,0.5861
Companion cells,rep3,Drought,55,65482,239,1.0,0.0182,0.365,32,0.0,0.0,0.0489,51,0.0,0.0,0.0779,322,0.0,0.0,0.4917
Companion cells,rep3,HD,34,41010,197,1.0,0.0294,0.4804,20,0.0,0.0,0.0488,34,0.0,0.0,0.0829,251,0.0,0.0,0.612
Companion cells,rep3,Heat,115,142444,703,3.0,0.0261,0.4935,53,0.0,0.0,0.0372,248,0.0,0.0,0.1741,1004,1.0,0.0087,0.7048
Epidermal,rep1,Control,603,786652,11253,54.0,0.0896,1.4305,1264,0.0,0.0,0.1607,146466,1.0,0.0017,18.6189,158983,13.5,0.0224,20.2101
Epidermal,rep1,Drought,118,141124,2959,12.0,0.1017,2.0967,328,0.0,0.0,0.2324,45190,2.0,0.0169,32.0215,48477,3.0,0.0254,34.3506
Epidermal,rep1,HD,497,687465,7635,30.5,0.0614,1.1106,1250,0.0,0.0,0.1818,87317,0.0,0.0,12.7013,96202,7.0,0.0141,13.9937
Epidermal,rep1,Heat,99,90734,1173,4.5,0.0455,1.2928,99,0.0,0.0,0.1091,15570,0.0,0.0,17.1601,16842,1.0,0.0101,18.562
Epidermal,rep1A,Control,309,372036,7282,31.0,0.1003,1.9573,644,0.0,0.0,0.1731,71475,1.0,0.0032,19.2119,79401,5.0,0.0162,21.3423
Epidermal,rep2,Control,51,63284,612,1.5,0.0294,0.9671,38,0.0,0.0,0.06,20296,0.0,0.0,32.0713,20946,0.0,0.0,33.0984
Epidermal,rep2,Drought,407,956040,16244,39.5,0.0971,1.6991,1520,0.5,0.0012,0.159,391256,6.0,0.0147,40.9246,409020,11.0,0.027,42.7827
Epidermal,rep2,HD,238,504160,3883,10.0,0.042,0.7702,376,0.0,0.0,0.0746,72035,0.5,0.0021,14.2881,76294,3.0,0.0126,15.1329
Epidermal,rep2,Heat,114,116273,661,2.0,0.0175,0.5685,67,0.0,0.0,0.0576,16796,0.0,0.0,14.4453,17524,0.0,0.0,15.0714
Epidermal,rep3,Control,1,598,0,0.0,0.0,0.0,0,0.0,0.0,0.0,0,0.0,0.0,0.0,0,0.0,0.0,0.0
Epidermal,rep3,Drought,14,11734,58,0.0,0.0,0.4943,8,0.0,0.0,0.0682,17,0.0,0.0,0.1449,83,0.0,0.0,0.7073
Epidermal,rep3,HD,1,849,2,0.0,0.0,0.2356,0,0.0,0.0,0.0,3,0.0,0.0,0.3534,5,0.0,0.0,0.5889
Epidermal,rep3,Heat,113,98293,509,2.0,0.0177,0.5178,61,0.0,0.0,0.0621,261,0.0,0.0,0.2655,831,0.0,0.0,0.8454
Epidermal/Pavement,rep1,Control,4,3592,33,0.0,0.0,0.9187,4,0.0,0.0,0.1114,610,0.0,0.0,16.9822,647,0.0,0.0,18.0122
Epidermal/Pavement,rep1,Drought,19,20882,371,1.0,0.0526,1.7766,50,0.0,0.0,0.2394,5708,0.0,0.0,27.3345,6129,0.0,0.0,29.3506
Epidermal/Pavement,rep1,Heat,2,1645,20,0.0,0.0,1.2158,1,0.0,0.0,0.0608,342,0.0,0.0,20.7903,363,0.0,0.0,22.0669
Epidermal/Pavement,rep1A,Control,135,170829,3411,16.0,0.1185,1.9967,312,0.0,0.0,0.1826,32302,0.5,0.0037,18.909,36025,1.5,0.0111,21.0883
Epidermal/Pavement,rep3,Control,277,249732,1679,8.5,0.0307,0.6723,210,0.0,0.0,0.0841,290,0.0,0.0,0.1161,2179,2.0,0.0072,0.8725
Epidermal/Pavement,rep3,Drought,87,76528,522,2.0,0.023,0.6821,69,0.0,0.0,0.0902,97,0.0,0.0,0.1268,688,1.0,0.0115,0.899
Epidermal/Pavement,rep3,HD,51,52009,375,1.0,0.0196,0.721,48,0.0,0.0,0.0923,96,0.0,0.0,0.1846,519,0.0,0.0,0.9979
Epidermal/Pavement,rep3,Heat,167,153540,953,4.0,0.024,0.6207,97,0.0,0.0,0.0632,455,0.0,0.0,0.2963,1505,1.0,0.006,0.9802
Guard cells,rep1,Control,95,166571,2498,10.0,0.1053,1.4997,284,0.0,0.0,0.1705,27455,0.0,0.0,16.4825,30237,3.0,0.0316,18.1526
Guard cells,rep1,Drought,12,16177,332,1.0,0.0833,2.0523,32,0.0,0.0,0.1978,4094,0.0,0.0,25.3075,4458,0.0,0.0,27.5576
Guard cells,rep1,HD,34,43219,544,2.0,0.0588,1.2587,93,0.0,0.0,0.2152,5711,0.0,0.0,13.2141,6348,0.0,0.0,14.688
Guard cells,rep1,Heat,28,25939,376,2.0,0.0714,1.4496,23,0.0,0.0,0.0887,4386,0.0,0.0,16.9089,4785,0.0,0.0,18.4471
Guard cells,rep1A,Control,41,49879,1122,4.0,0.0976,2.2494,84,0.0,0.0,0.1684,9439,0.0,0.0,18.9238,10645,1.0,0.0244,21.3416
Guard cells,rep2,Control,35,46266,350,1.0,0.0286,0.7565,20,0.0,0.0,0.0432,10821,0.0,0.0,23.3887,11191,0.0,0.0,24.1884
Guard cells,rep2,Drought,85,247683,3537,9.0,0.1059,1.428,339,0.0,0.0,0.1369,92682,0.5,0.0059,37.4196,96558,2.0,0.0235,38.9845
Guard cells,rep2,HD,69,165989,1172,3.0,0.0435,0.7061,133,0.0,0.0,0.0801,22724,0.0,0.0,13.6901,24029,1.0,0.0145,14.4763
Guard cells,rep2,Heat,80,89844,432,1.0,0.0125,0.4808,44,0.0,0.0,0.049,11951,0.0,0.0,13.3019,12427,0.0,0.0,13.8318
Guard cells,rep3,Control,30,26573,217,1.0,0.0333,0.8166,19,0.0,0.0,0.0715,26,0.0,0.0,0.0978,262,0.0,0.0,0.986
Guard cells,rep3,Drought,14,13253,67,0.0,0.0,0.5055,4,0.0,0.0,0.0302,16,0.0,0.0,0.1207,87,0.0,0.0,0.6565
Guard cells,rep3,HD,13,13888,81,0.0,0.0,0.5832,11,0.0,0.0,0.0792,21,0.0,0.0,0.1512,113,0.0,0.0,0.8137
Guard cells,rep3,Heat,27,26092,162,0.5,0.0185,0.6209,19,0.0,0.0,0.0728,66,0.0,0.0,0.253,247,0.0,0.0,0.9467
Hydathode cells,rep1,Control,74,129845,1622,7.0,0.0946,1.2492,143,0.0,0.0,0.1101,20380,0.0,0.0,15.6956,22145,2.0,0.027,17.055
Hydathode cells,rep1,Drought,24,27123,369,1.0,0.0417,1.3605,44,0.0,0.0,0.1622,6787,0.0,0.0,25.023,7200,0.0,0.0,26.5457
Hydathode cells,rep1,HD,42,56474,410,2.0,0.0476,0.726,72,0.0,0.0,0.1275,4243,0.0,0.0,7.5132,4725,0.0,0.0,8.3667
Hydathode cells,rep1,Heat,15,15349,118,0.0,0.0,0.7688,2,0.0,0.0,0.013,1643,0.0,0.0,10.7043,1763,0.0,0.0,11.4861
Hydathode cells,rep1A,Control,47,58279,819,3.0,0.0638,1.4053,64,0.0,0.0,0.1098,7488,0.0,0.0,12.8485,8371,1.0,0.0213,14.3637
Hydathode cells,rep2,Control,32,42074,284,0.5,0.0156,0.675,14,0.0,0.0,0.0333,10550,0.0,0.0,25.0749,10848,0.0,0.0,25.7831
Hydathode cells,rep2,Drought,45,119881,1662,3.0,0.0667,1.3864,169,0.0,0.0,0.141,45235,0.0,0.0,37.7333,47066,0.5,0.0111,39.2606
Hydathode cells,rep2,HD,50,82694,612,1.5,0.03,0.7401,36,0.0,0.0,0.0435,10084,0.0,0.0,12.1944,10732,0.0,0.0,12.978
Hydathode cells,rep2,Heat,63,71100,319,1.0,0.0159,0.4487,28,0.0,0.0,0.0394,7751,0.0,0.0,10.9015,8098,0.0,0.0,11.3896
Hydathode cells,rep3,Control,9,11253,56,0.0,0.0,0.4976,9,0.0,0.0,0.08,9,0.0,0.0,0.08,74,0.0,0.0,0.6576
Hydathode cells,rep3,Drought,4,4034,20,0.0,0.0,0.4958,4,0.0,0.0,0.0992,4,0.0,0.0,0.0992,28,0.0,0.0,0.6941
Hydathode cells,rep3,HD,7,10647,57,0.0,0.0,0.5354,15,0.0,0.0,0.1409,11,0.0,0.0,0.1033,83,0.0,0.0,0.7796
Hydathode cells,rep3,Heat,9,11360,20,0.0,0.0,0.1761,3,0.0,0.0,0.0264,21,0.0,0.0,0.1849,44,0.0,0.0,0.3873
Mesophyll,rep1,Control,1900,2442675,31507,154.5,0.0813,1.2899,3681,0.0,0.0,0.1507,435785,0.5,0.0003,17.8405,470973,32.5,0.0171,19.281
Mesophyll,rep1,Drought,795,960230,16737,60.5,0.0761,1.743,2122,0.0,0.0,0.221,276871,12.5,0.0157,28.8338,295730,17.0,0.0214,30.7978
Mesophyll,rep1,HD,3768,5438241,69408,254.0,0.0674,1.2763,12322,1.0,0.0003,0.2266,772264,5.5,0.0015,14.2006,853994,49.5,0.0131,15.7035
Mesophyll,rep1,Heat,462,411655,4972,18.5,0.04,1.2078,405,0.0,0.0,0.0984,67919,1.0,0.0022,16.499,73296,3.5,0.0076,17.8052
Mesophyll,rep1A,Control,1865,2021323,37141,143.5,0.0769,1.8375,3338,0.5,0.0003,0.1651,356084,2.0,0.0011,17.6164,396563,27.0,0.0145,19.619
Mesophyll,rep2,Control,393,478025,4462,12.5,0.0318,0.9334,277,0.0,0.0,0.0579,149967,1.5,0.0038,31.3722,154706,3.5,0.0089,32.3636
Mesophyll,rep2,Drought,1572,3546923,64613,163.0,0.1037,1.8217,6219,2.0,0.0013,0.1753,1703854,23.5,0.0149,48.0375,1774686,53.5,0.034,50.0345
Mesophyll,rep2,HD,2452,3865790,44491,128.5,0.0524,1.1509,4249,3.0,0.0012,0.1099,856738,2.0,0.0008,22.162,905478,31.0,0.0126,23.4228
Mesophyll,rep2,Heat,1499,1712037,10860,29.0,0.0193,0.6343,1176,0.5,0.0003,0.0687,357897,2.5,0.0017,20.9047,369933,6.5,0.0043,21.6078
Mesophyll,rep3,Control,1177,1078107,5264,24.0,0.0204,0.4883,684,0.0,0.0,0.0634,1026,0.0,0.0,0.0952,6974,5.5,0.0047,0.6469
Mesophyll,rep3,Drought,802,720744,3209,12.0,0.015,0.4452,398,0.0,0.0,0.0552,766,0.0,0.0,0.1063,4373,4.0,0.005,0.6067
Mesophyll,rep3,HD,547,527004,2913,11.5,0.021,0.5527,413,0.0,0.0,0.0784,825,0.0,0.0,0.1565,4151,3.5,0.0064,0.7877
Mesophyll,rep3,Heat,1545,1290327,7273,31.5,0.0204,0.5637,778,0.0,0.0,0.0603,3380,0.0,0.0,0.2619,11431,12.5,0.0081,0.8859
Unknown,rep1,Control,42,70940,512,2.5,0.0595,0.7217,60,0.0,0.0,0.0846,8439,0.0,0.0,11.896,9011,0.0,0.0,12.7023
Unknown,rep1,Drought,17,24179,218,1.0,0.0588,0.9016,29,0.0,0.0,0.1199,4226,0.0,0.0,17.478,4473,0.0,0.0,18.4995
Unknown,rep1,HD,19,27779,148,0.0,0.0,0.5328,21,0.0,0.0,0.0756,2008,0.0,0.0,7.2285,2177,0.0,0.0,7.8369
Unknown,rep1,Heat,21,22238,152,0.5,0.0238,0.6835,11,0.0,0.0,0.0495,1185,0.0,0.0,5.3287,1348,0.0,0.0,6.0617
Unknown,rep1A,Control,49,62536,845,4.0,0.0816,1.3512,60,0.0,0.0,0.0959,6819,0.0,0.0,10.9041,7724,0.5,0.0102,12.3513
Unknown,rep2,Control,23,29525,180,0.0,0.0,0.6097,8,0.0,0.0,0.0271,5510,0.0,0.0,18.6622,5698,0.0,0.0,19.2989
Unknown,rep2,Drought,31,55846,815,2.0,0.0645,1.4594,71,0.0,0.0,0.1271,19289,0.0,0.0,34.5396,20175,0.0,0.0,36.1261
Unknown,rep2,HD,56,100395,543,1.0,0.0179,0.5409,50,0.0,0.0,0.0498,8418,0.0,0.0,8.3849,9011,0.0,0.0,8.9755
Unknown,rep2,Heat,28,33073,126,0.0,0.0,0.381,17,0.0,0.0,0.0514,2893,0.0,0.0,8.7473,3036,0.0,0.0,9.1797
Unknown,rep3,Control,21,32291,109,0.0,0.0,0.3376,17,0.0,0.0,0.0526,15,0.0,0.0,0.0465,141,0.0,0.0,0.4367
Unknown,rep3,Drought,7,11205,16,0.0,0.0,0.1428,5,0.0,0.0,0.0446,7,0.0,0.0,0.0625,28,0.0,0.0,0.2499
Unknown,rep3,HD,16,15584,48,0.0,0.0,0.308,5,0.0,0.0,0.0321,16,0.0,0.0,0.1027,69,0.0,0.0,0.4428
Unknown,rep3,Heat,35,46046,158,1.0,0.0286,0.3431,12,0.0,0.0,0.0261,61,0.0,0.0,0.1325,231,0.0,0.0,0.5017
Vascular/Phloem parenchyma,rep1,Control,128,183545,2685,15.0,0.1172,1.4629,290,0.0,0.0,0.158,34145,0.0,0.0,18.6031,37120,4.0,0.0312,20.2239
Vascular/Phloem parenchyma,rep1,Drought,37,50690,809,3.0,0.0811,1.596,91,0.0,0.0,0.1795,16080,0.0,0.0,31.7222,16980,0.0,0.0,33.4977
Vascular/Phloem parenchyma,rep1,HD,82,89249,772,3.0,0.0366,0.865,144,0.0,0.0,0.1613,10010,0.0,0.0,11.2158,10926,0.0,0.0,12.2422
Vascular/Phloem parenchyma,rep1,Heat,30,28960,364,1.0,0.0333,1.2569,35,0.0,0.0,0.1209,5023,0.0,0.0,17.3446,5422,0.0,0.0,18.7224
Vascular/Phloem parenchyma,rep1A,Control,89,105922,1869,7.0,0.0787,1.7645,162,0.0,0.0,0.1529,17670,0.0,0.0,16.6821,19701,1.0,0.0112,18.5995
Vascular/Phloem parenchyma,rep2,Control,34,43710,394,1.0,0.0294,0.9014,23,0.0,0.0,0.0526,11132,0.0,0.0,25.4679,11549,0.0,0.0,26.4219
Vascular/Phloem parenchyma,rep2,Drought,64,159774,2570,7.0,0.1094,1.6085,231,0.0,0.0,0.1446,71700,1.5,0.0234,44.8759,74501,2.0,0.0312,46.629
Vascular/Phloem parenchyma,rep2,HD,53,98907,874,2.0,0.0377,0.8837,103,0.0,0.0,0.1041,16308,0.0,0.0,16.4882,17285,1.0,0.0189,17.476
Vascular/Phloem parenchyma,rep2,Heat,57,63387,367,1.0,0.0175,0.579,38,0.0,0.0,0.0599,10160,0.0,0.0,16.0285,10565,0.0,0.0,16.6675
Vascular/Phloem parenchyma,rep3,Control,36,33778,205,1.0,0.0278,0.6069,18,0.0,0.0,0.0533,31,0.0,0.0,0.0918,254,0.0,0.0,0.752
Vascular/Phloem parenchyma,rep3,Drought,17,15978,75,0.0,0.0,0.4694,11,0.0,0.0,0.0688,21,0.0,0.0,0.1314,107,0.0,0.0,0.6697
Vascular/Phloem parenchyma,rep3,HD,11,13980,91,0.0,0.0,0.6509,11,0.0,0.0,0.0787,20,0.0,0.0,0.1431,122,0.0,0.0,0.8727
Vascular/Phloem parenchyma,rep3,Heat,40,38133,185,1.0,0.025,0.4851,13,0.0,0.0,0.0341,83,0.0,0.0,0.2177,281,0.0,0.0,0.7369
