GeneID,Means-CK,Means-H_24,log2Ratio (H_24/CK),Up-Down-Regulation (H_24/CK),Probability
GLYMA08G22530,0.01,111.2933333,13.44207955,Up,0.992296492
GLYMA19G01050.13,0.01,92.97333333,13.18260127,Up,0.990567491
GLYMA0405S00330,0.01,38.66333333,11.91675031,Up,0.975552476
GLYMA13G11830,0.01,35.04,11.77478706,Up,0.972857473
GLYMA17G15710,0.01,30.44666667,11.57206857,Up,0.968765969
GLYMA12G16571,0.01,26.94666667,11.39589111,Up,0.964600965
GLYMA13G20170,0.026666667,56.61666667,11.0519736,Up,0.983682984
GLYMA15G11710,0.01,17.59666667,10.78108645,Up,0.946050946
GLYMA18G53170,0.023333333,27.03333333,10.17813128,Up,0.964415464
GLYMA19G02171,0.01,11.35666667,10.14932373,Up,0.919051919
GLYMA11G18570,0.166666667,167.1266667,9.969760638,Up,0.994707995
GLYMA06G26610,0.106666667,104.9866667,9.942880997,Up,0.991330491
GLYMA09G00870,0.01,9.573333333,9.902877533,Up,0.905398405
GLYMA02G02500,0.01,9.33,9.865733271,Up,0.903368403
GLYMA10G05800,0.01,8.516666667,9.734145075,Up,0.895405895
GLYMA13G17090,0.01,8.196666667,9.678893519,Up,0.891744892
GLYMA10G06710,0.01,7.426666667,9.536571017,Up,0.882399882
GLYMA19G22570,0.01,6.756666667,9.400167873,Up,0.872795873
GLYMA04G38620,0.01,6.556666667,9.356818742,Up,0.86953387
GLYMA09G00860,0.01,6.48,9.339850003,Up,0.868280868
GLYMA16G26430,0.01,5.536666667,9.112873857,Up,0.85031885
GLYMA06G41610,0.04,21.20333333,9.05007537,Up,0.953729954
GLYMA07G32030,0.01,5.123333333,9.000938949,Up,0.840714841
GLYMA11G05275,0.01,5.053333333,8.981091537,Up,0.838905339
GLYMA20G22255,0.01,4.69,8.873444113,Up,0.829444829
GLYMA11G05820,0.01,4.5,8.813781191,Up,0.823967324
GLYMA14G06910,0.04,17.41666667,8.766252821,Up,0.944104944
GLYMA04G09090,0.01,4.283333333,8.742590143,Up,0.817068817
GLYMA11G02350,0.01,4.02,8.651051691,Up,0.808679309
GLYMA15G01420,0.056666667,22.52,8.634490772,Up,0.955896456
GLYMA08G45520,0.486666667,191.8,8.622453042,Up,0.993979994
GLYMA01G02580,0.28,109.7733333,8.614885088,Up,0.99033649
GLYMA07G32110,0.053333333,19.06666667,8.481799432,Up,0.948108948
GLYMA18G40825,0.013333333,4.723333333,8.468624043,Up,0.82968283
GLYMA03G39870,0.07,24.74666667,8.465663572,Up,0.95952246
GLYMA08G07340,0.186666667,61.31333333,8.359592703,Up,0.982979483
GLYMA18G46560,1.993333333,654.6566667,8.359411693,Up,0.996790497
GLYMA03G15800,0.643333333,208.7033333,8.341671486,Up,0.993864494
GLYMA10G43165,0.043333333,13.46,8.278985477,Up,0.928603429
GLYMA19G03060,0.036666667,10.90333333,8.216084425,Up,0.913714414
GLYMA14G11430,0.05,14.67,8.196725061,Up,0.933608434
GLYMA08G07330,0.106666667,31.09333333,8.187352073,Up,0.966833967
GLYMA14G22690,0.33,86.2,8.029078035,Up,0.986741987
GLYMA16G33790,0.35,81.80666667,7.868719685,Up,0.985653486
GLYMA06G04000,0.123333333,26.2,7.730860232,Up,0.95965896
GLYMA15G25060,0.266666667,53.60666667,7.65123112,Up,0.978618479
GLYMA07G32090,0.263333333,52.84333333,7.648687511,Up,0.978341978
GLYMA13G31590,0.026666667,5.026666667,7.558420713,Up,0.835027335
GLYMA14G36470,0.036666667,6.82,7.539158811,Up,0.86987337
GLYMA19G01440,0.193333333,35.64333333,7.526398053,Up,0.968825469
GLYMA17G34220,0.13,23.36333333,7.48959069,Up,0.954496454
GLYMA02G06870,0.156666667,27.09666667,7.434273321,Up,0.95984446
GLYMA10G36760,0.093333333,13.88666667,7.217092202,Up,0.927017927
GLYMA13G05660,0.093333333,13.74,7.201773867,Up,0.926321426
GLYMA08G22540,0.283333333,41.39333333,7.19075428,Up,0.971170471
GLYMA18G46550,1.776666667,255.4233333,7.167573481,Up,0.990700491
GLYMA02G43470,0.143333333,18.79666667,7.034958873,Up,0.942473942
GLYMA20G29000,0.053333333,6.803333333,6.995060467,Up,0.866982367
GLYMA14G06900,0.046666667,5.533333333,6.889612604,Up,0.843269843
GLYMA04G03900,0.123333333,13.88,6.814300988,Up,0.924427924
GLYMA16G26940,0.1,11.12666667,6.797877644,Up,0.909108409
GLYMA13G17580,0.436666667,48.45666667,6.794018949,Up,0.972094472
GLYMA16G27950,0.123333333,13.59666667,6.784546426,Up,0.922782923
GLYMA15G30088,0.206666667,21.95666667,6.731209524,Up,0.947373947
GLYMA03G31691,0.236666667,25.09666667,6.728495424,Up,0.952826953
GLYMA13G38890,0.053333333,5.523333333,6.694357887,Up,0.841334341
GLYMA05G25681,0.05,5.156666667,6.688366886,Up,0.833186333
GLYMA06G15341,0.06,6.183333333,6.68727847,Up,0.854441854
GLYMA13G38490,0.043333333,4.44,6.678938649,Up,0.813946814
GLYMA12G36330,3.376666667,341.1733333,6.658761309,Up,0.988029988
GLYMA10G42530,0.046666667,4.65,6.638694485,Up,0.81962382
GLYMA10G06170,0.043333333,4.316666667,6.638296664,Up,0.80959981
GLYMA02G36700,0.063333333,6.09,6.587333405,Up,0.852033852
GLYMA03G32520,0.076666667,7.203333333,6.553921401,Up,0.869208369
GLYMA12G10780,0.78,70.07333333,6.489247592,Up,0.975807976
GLYMA09G05400,0.296666667,26.64666667,6.488968426,Up,0.952900453
GLYMA14G22575,1.093333333,95.88666667,6.454524999,Up,0.979052479
GLYMA11G36200,0.24,21,6.451211112,Up,0.942704943
GLYMA06G36520,0.203333333,17.44666667,6.422960871,Up,0.933653934
GLYMA05G25690,0.233333333,19.86333333,6.411571515,Up,0.93987344
GLYMA18G52320,0.066666667,5.54,6.376776572,Up,0.838642839
GLYMA01G00840,0.863333333,71.20666667,6.365950816,Up,0.974747475
GLYMA16G33130,0.07,5.566666667,6.313314965,Up,0.838621839
GLYMA04G03740,1.02,78.50333333,6.266112856,Up,0.975041475
GLYMA18G52230,1.596666667,120.3966667,6.236588484,Up,0.978768979
GLYMA01G39780,0.076666667,5.556666667,6.179476433,Up,0.836728337
GLYMA20G34810,0.246666667,17.70333333,6.165314448,Up,0.931739432
GLYMA12G31490,0.06,4.276666667,6.155380454,Up,0.803415303
GLYMA02G47870,0.213333333,14.80666667,6.116993678,Up,0.921267421
GLYMA08G45510,0.54,36.25666667,6.069143076,Up,0.957968458
GLYMA14G36660,0.15,9.806666667,6.030728435,Up,0.891307391
GLYMA04G40790,0.16,10.32,6.011227255,Up,0.895216895
GLYMA05G17470,0.833333333,50.32666667,5.916285546,Up,0.963806464
GLYMA02G07940,0.423333333,25.49,5.911993472,Up,0.944843445
GLYMA20G30835,0.21,12.48,5.893084796,Up,0.907862408
GLYMA16G01440,0.12,7.05,5.876516947,Up,0.85958686
GLYMA15G40220,0.23,13.02333333,5.823321083,Up,0.909458409
GLYMA07G05960,0.16,9.033333333,5.819114636,Up,0.881570382
GLYMA07G01660,0.106666667,5.996666667,5.812979471,Up,0.841344841
GLYMA07G18200,0.623333333,35.00333333,5.811344641,Up,0.953603954
GLYMA08G16640,0.293333333,16.37333333,5.802663227,Up,0.922751423
GLYMA12G32230,0.41,22.72,5.792195115,Up,0.938375438
GLYMA19G43135,0.083333333,4.583333333,5.781359714,Up,0.807821808
GLYMA03G40395,0.436666667,23.44333333,5.7465015,Up,0.939180439
GLYMA01G34400,0.293333333,15.69,5.741160519,Up,0.919461419
GLYMA13G24510,0.336666667,17.98666667,5.73946315,Up,0.926744927
GLYMA01G04250,1.036666667,54.13,5.706404403,Up,0.961832462
GLYMA10G07831,0.58,30.15,5.699961292,Up,0.947366947
GLYMA13G24461,1.676666667,85.72,5.675964046,Up,0.967950468
GLYMA17G37590,0.35,17.81333333,5.669458775,Up,0.925124425
GLYMA09G03690,0.53,26.64666667,5.651818902,Up,0.942032942
GLYMA01G08650,0.113333333,5.523333333,5.606895046,Up,0.828121828
GLYMA18G50080,0.13,6.33,5.605621971,Up,0.843721344
GLYMA01G26570,0.313333333,15.09666667,5.590387972,Up,0.914498414
GLYMA13G10010,0.106666667,5.133333333,5.588714636,Up,0.818612319
GLYMA09G05460,0.53,24.99333333,5.559407155,Up,0.938025438
GLYMA13G16950,2.363333333,110.4933333,5.54699239,Up,0.968121968
GLYMA13G39890,0.22,10.21666667,5.537277239,Up,0.886498386
GLYMA14G22700,2.356666667,109.3333333,5.53584179,Up,0.967470967
GLYMA11G31330,4.34,194.36,5.484892485,Up,0.96990347
GLYMA12G31990,0.11,4.886666667,5.473275269,Up,0.80990781
GLYMA11G09250,0.793333333,35.05666667,5.465617847,Up,0.947174447
GLYMA18G52250,8.943333333,392.47,5.455625921,Up,0.972185472
GLYMA14G35650,0.16,6.976666667,5.446394096,Up,0.85026285
GLYMA17G06321,0.15,6.36,5.40599236,Up,0.83975584
GLYMA07G32360,0.403333333,16.89666667,5.388622211,Up,0.916892417
GLYMA08G45580,0.646666667,26.9,5.378440116,Up,0.936775937
GLYMA02G43830,0.186666667,7.756666667,5.376900573,Up,0.859261359
GLYMA1251S50,10.20333333,419.2566667,5.360721275,Up,0.97021147
GLYMA08G41251,0.25,10.25333333,5.358021097,Up,0.883411383
GLYMA10G05280,0.153333333,6.233333333,5.345260599,Up,0.836234836
GLYMA07G16810,20.24,814.4133333,5.330479986,Up,0.97027447
GLYMA14G07330,0.473333333,18.89666667,5.319131434,Up,0.921001421
GLYMA08G07350,0.313333333,12.30333333,5.295207171,Up,0.895556396
GLYMA18G50870,0.476666667,18.33666667,5.265606851,Up,0.918050918
GLYMA04G10590,0.556666667,20.64,5.212485464,Up,0.922579923
GLYMA10G43340,0.783333333,28.67,5.193771743,Up,0.934766935
GLYMA01G39460,1.473333333,53.70333333,5.187855864,Up,0.950670951
GLYMA14G08070,0.193333333,7.016666667,5.181623523,Up,0.844970845
GLYMA11G02630,3.82,138.4633333,5.179787536,Up,0.961646962
GLYMA14G39800,18.02666667,651.19,5.174873989,Up,0.966490966
GLYMA13G38900,0.3,10.76,5.164571767,Up,0.882074382
GLYMA12G03680,1.173333333,41.91,5.158609688,Up,0.944577445
GLYMA20G04820,0.256666667,9.11,5.149483204,Up,0.868413868
GLYMA19G32700,1.753333333,62.11333333,5.146730789,Up,0.952305452
GLYMA02G47750,2.943333333,102.95,5.128349083,Up,0.958335958
GLYMA13G24440,4.28,148.3166667,5.114926119,Up,0.96030296
GLYMA1454S00200,0.61,20.80666667,5.092092804,Up,0.92008442
GLYMA03G28640,0.236666667,7.996666667,5.078470323,Up,0.854861855
GLYMA15G07710,6.376666667,215.11,5.076128316,Up,0.961006461
GLYMA08G41403,2.916666667,96.47666667,5.047787641,Up,0.955595456
GLYMA18G50120,0.51,16.76666667,5.038954842,Up,0.908471408
GLYMA11G24323,1.65,54.18333333,5.037311221,Up,0.947685448
GLYMA18G44250,0.203333333,6.41,4.97840571,Up,0.83040033
GLYMA13G42121,0.21,6.61,4.976189039,Up,0.833644834
GLYMA01G45500,0.496666667,15.45666667,4.959807491,Up,0.901702402
GLYMA01G33150,0.66,20.52,4.958420896,Up,0.916034916
GLYMA20G12050,0.316666667,9.803333333,4.952235461,Up,0.87017787
GLYMA08G09820,0.893333333,27.53666667,4.946011526,Up,0.927913928
GLYMA16G02521,0.24,7.366666667,4.939905653,Up,0.843682844
GLYMA01G32440,0.266666667,8.126666667,4.929554316,Up,0.852821353
GLYMA16G06070,0.883333333,26.57333333,4.910877445,Up,0.925509426
GLYMA13G42850,1.723333333,51.60666667,4.904283763,Up,0.942442442
GLYMA12G10580,2.27,67.69333333,4.898249557,Up,0.947006447
GLYMA05G26121,0.186666667,5.543333333,4.892217531,Up,0.811608812
GLYMA06G15630,0.316666667,9.343333333,4.882900421,Up,0.864122864
GLYMA07G39490,0.266666667,7.75,4.861086906,Up,0.847242347
GLYMA01G42661,7.436666667,216.0266667,4.860409494,Up,0.956246456
GLYMA17G07160,0.496666667,14.11333333,4.828637034,Up,0.893029393
GLYMA11G37370,3.856666667,108.31,4.811668181,Up,0.950740951
GLYMA12G00780,0.77,21.47,4.801319935,Up,0.913231413
GLYMA10G32000,0.636666667,17.75,4.801136982,Up,0.904456904
GLYMA06G47780,1.35,37.57,4.798549804,Up,0.932558433
GLYMA14G11420,0.233333333,6.483333333,4.796271423,Up,0.826574827
GLYMA15G09605,0.72,19.92,4.790076931,Up,0.90997641
GLYMA06G45950,1.843333333,50.97666667,4.789448155,Up,0.939456939
GLYMA14G07820,0.4,11.02666667,4.784852924,Up,0.874657875
GLYMA13G38240,0.92,25.24666667,4.778315249,Up,0.92007392
GLYMA19G33360,0.853333333,23.26,4.768597882,Up,0.916622917
GLYMA12G36320,9.986666667,271.58,4.765230211,Up,0.954436954
GLYMA08G00595,0.26,7.07,4.765126687,Up,0.835496335
GLYMA19G33310,1.006666667,27.09333333,4.750279947,Up,0.922324422
GLYMA08G18660,2.366666667,63.69,4.750138443,Up,0.943201943
GLYMA19G42240,0.746666667,20.07666667,4.748911622,Up,0.91009191
GLYMA14G08910,1.766666667,47.30666667,4.742941745,Up,0.936285936
GLYMA10G32830,5.553333333,147.8366667,4.734506328,Up,0.95021945
GLYMA06G15211,0.263333333,6.983333333,4.72895378,Up,0.832769833
GLYMA16G27880,6.36,167.13,4.715800146,Up,0.950870451
GLYMA07G16830,17.75,465.8133333,4.713861006,Up,0.954044954
GLYMA13G32180,0.53,13.88333333,4.711217825,Up,0.888857389
GLYMA03G26590,6.876666667,179.7733333,4.708325809,Up,0.951132951
GLYMA08G22370,0.386666667,10.09333333,4.706168495,Up,0.865970866
GLYMA04G02021,18.36666667,479.15,4.705315645,Up,0.954097454
GLYMA02G40580,0.586666667,15.3,4.70484682,Up,0.894579895
GLYMA07G12630,0.86,22.27,4.694621088,Up,0.911687912
GLYMA03G29950,3.776666667,97.79333333,4.694550758,Up,0.945438445
GLYMA04G05720,2.22,56.34,4.665527982,Up,0.937986938
GLYMA06G12010,0.22,5.58,4.664689693,Up,0.806215306
GLYMA17G04920,2.733333333,69.16333333,4.661274087,Up,0.941248941
GLYMA14G05650,2.29,57.91666667,4.660559069,Up,0.938413938
GLYMA05G00590,1.866666667,47.00333333,4.65422684,Up,0.934353934
GLYMA0405S00200,1.026666667,25.8,4.65133131,Up,0.917438417
GLYMA12G32650,0.226666667,5.69,4.649784502,Up,0.808273308
GLYMA05G36850,0.863333333,21.59333333,4.644524465,Up,0.91000791
GLYMA19G02270,0.306666667,7.593333333,4.629990076,Up,0.837823838
GLYMA05G35501,0.34,8.346666667,4.617593505,Up,0.846405846
GLYMA07G11800,0.94,23.03333333,4.614918643,Up,0.911309911
GLYMA11G02770,6.923333333,168.5766667,4.605794241,Up,0.947608448
GLYMA04G42560,0.26,6.296666667,4.598004768,Up,0.818524819
GLYMA05G37770,0.793333333,19.19333333,4.59653431,Up,0.903109403
GLYMA08G24380,1.276666667,30.85666667,4.595128425,Up,0.921904422
GLYMA18G53400,0.556666667,13.43333333,4.592859831,Up,0.883383383
GLYMA01G22751,0.336666667,8.12,4.592086935,Up,0.843819344
GLYMA16G04360,0.366666667,8.82,4.588237633,Up,0.851260351
GLYMA20G34820,18.86333333,450.8633333,4.579033645,Up,0.950558951
GLYMA20G34620,0.293333333,6.986666667,4.573991383,Up,0.827467327
GLYMA03G37310,1.703333333,39.15666667,4.522825261,Up,0.926310926
GLYMA13G35320,234.1633333,5382.943333,4.522808145,Up,0.94963845
GLYMA03G28430,5.276666667,120.9566667,4.518719627,Up,0.943107443
GLYMA05G18326,0.25,5.73,4.518535139,Up,0.805221305
GLYMA10G32820,12.83,292.3333333,4.510021266,Up,0.945672946
GLYMA13G29450,0.763333333,17.25666667,4.498696815,Up,0.893886894
GLYMA17G23821,1.17,26.44666667,4.498505462,Up,0.912566413
GLYMA08G41735,0.596666667,13.38,4.487009124,Up,0.879039879
GLYMA20G03100,1.63,36.19,4.472647238,Up,0.922212422
GLYMA15G00550,0.29,6.426666667,4.46994584,Up,0.816463316
GLYMA03G30440,0.96,21.24666667,4.468058302,Up,0.903515404
GLYMA12G05910,0.916666667,20,4.447458977,Up,0.899133399
GLYMA05G05660,75.12666667,1624.796667,4.434790283,Up,0.945553946
GLYMA04G08400,0.57,12.10333333,4.4082987,Up,0.87013237
GLYMA04G08390,0.616666667,13.03333333,4.401571432,Up,0.875189875
GLYMA14G32430,0.516666667,10.91,4.400273482,Up,0.862386862
GLYMA18G14750,1.346666667,28.40666667,4.398764853,Up,0.912856913
GLYMA03G30380,8.963333333,188.8466667,4.397036159,Up,0.941703942
GLYMA08G18550,0.586666667,12.35,4.395826209,Up,0.871399371
GLYMA07G05420,0.586666667,12.16666667,4.37424913,Up,0.868585369
GLYMA03G05530,12.14666667,251.6766667,4.372939105,Up,0.940923441
GLYMA04G23120,0.596666667,12.35666667,4.372220623,Up,0.86957937
GLYMA05G28240,0.946666667,19.58333333,4.370626017,Up,0.895906396
GLYMA07G00440,0.726666667,14.98666667,4.366241995,Up,0.881867882
GLYMA10G43850,0.84,17.31333333,4.365350375,Up,0.88981989
GLYMA13G24180,0.823333333,16.87,4.356839527,Up,0.888367388
GLYMA19G39830,0.473333333,9.693333333,4.356064434,Up,0.851099351
GLYMA19G04410,1.07,21.91,4.355906783,Up,0.900599901
GLYMA08G45590,4.773333333,97.72333333,4.355634083,Up,0.935109935
GLYMA07G31500,0.346666667,7.076666667,4.351448938,Up,0.822185822
GLYMA17G03365,11.68666667,237.6133333,4.345680393,Up,0.94045444
GLYMA12G00991,0.496666667,10.07,4.341641948,Up,0.853860854
GLYMA20G26610,3.38,68.04,4.331287989,Up,0.930633431
GLYMA09G28310,1.076666667,21.47,4.317678622,Up,0.899465899
GLYMA17G23870,52.02333333,1027.35,4.303625115,Up,0.940587441
GLYMA15G14540,0.583333333,11.35,4.282227971,Up,0.860766361
GLYMA10G07050,103.4866667,2012.093333,4.281180421,Up,0.940636441
GLYMA12G10380,0.99,19.03333333,4.264955909,Up,0.891559392
GLYMA11G15497,2.37,45.28666667,4.256127389,Up,0.920654921
GLYMA10G06940,473.09,8917.976667,4.236529854,Up,0.938494438
GLYMA08G21190,0.59,11.11333333,4.235432839,Up,0.856849857
GLYMA11G33690,0.413333333,7.776666667,4.233774282,Up,0.826487326
GLYMA18G04540,5.066666667,95.01666667,4.229071773,Up,0.92977943
GLYMA09G39060,0.8,14.99,4.227856573,Up,0.876715877
GLYMA09G09430,5.3,98.92666667,4.222295201,Up,0.93007343
GLYMA20G26600,39.66,734.34,4.210691604,Up,0.937545938
GLYMA10G37160,0.9,16.63,4.207719357,Up,0.882312382
GLYMA16G04330,0.956666667,17.57666667,4.199501355,Up,0.885224385
GLYMA05G29410,0.856666667,15.67333333,4.193434274,Up,0.878990879
GLYMA07G37770,0.526666667,9.57,4.183556867,Up,0.844452844
GLYMA11G07490,4.913333333,88.65666667,4.173455097,Up,0.928494928
GLYMA12G22880,2.743333333,49.38333333,4.170022385,Up,0.91977992
GLYMA14G33940,0.72,12.88666667,4.16173842,Up,0.864469364
GLYMA08G27620,0.463333333,8.276666667,4.158927473,Up,0.829210329
GLYMA10G06880,74.37666667,1325.406667,4.155441179,Up,0.935172935
GLYMA01G24360,23.27,413.1533333,4.150134192,Up,0.933961934
GLYMA05G29850,0.356666667,6.32,4.147276262,Up,0.802361802
GLYMA08G25520,38.15333333,673.3266667,4.141425592,Up,0.934511435
GLYMA05G18376,41.92333333,739.3433333,4.140419137,Up,0.934602435
GLYMA15G12865,0.563333333,9.92,4.138279375,Up,0.844795845
GLYMA15G06790,72.52333333,1275.783333,4.13679429,Up,0.934931435
GLYMA02G07760,0.366666667,6.423333333,4.130781143,Up,0.803954304
GLYMA12G01140,0.416666667,7.276666667,4.12631213,Up,0.816729317
GLYMA08G15220,0.433333333,7.49,4.111416596,Up,0.819354319
GLYMA08G08220,1.08,18.56333333,4.103352574,Up,0.884643385
GLYMA0405S00215,0.576666667,9.883333333,4.099188162,Up,0.844113344
GLYMA03G36980,0.536666667,9.193333333,4.098489863,Up,0.838110838
GLYMA16G26240,0.956666667,16.24333333,4.085687581,Up,0.877611878
GLYMA14G09690,0.393333333,6.676666667,4.085303656,Up,0.807317807
GLYMA03G32890,0.816666667,13.83,4.081910003,Up,0.865792366
GLYMA07G37730,4.35,73.61666667,4.08094512,Up,0.920836921
GLYMA20G34160,2.64,44.56333333,4.077247315,Up,0.911953912
GLYMA05G32210,0.756666667,12.70333333,4.069405406,Up,0.86023086
GLYMA18G43190,0.566666667,9.466666667,4.062284278,Up,0.837806338
GLYMA20G32462,6.883333333,114.3266667,4.053910765,Up,0.925019425
GLYMA18G23320,4.146666667,68.29666667,4.041791182,Up,0.919338919
GLYMA16G03830,0.416666667,6.85,4.039138394,Up,0.807230307
GLYMA08G02690,0.686666667,11.28,4.038013326,Up,0.851389851
GLYMA07G35620,0.643333333,10.56,4.036899583,Up,0.846370846
GLYMA08G04230,0.8,13.07333333,4.030483225,Up,0.861630862
GLYMA13G24940,0.483333333,7.86,4.023438913,Up,0.820799821
GLYMA09G05170,5.696666667,92.55666667,4.022147012,Up,0.922681423
GLYMA15G15470,0.676666667,10.99,4.021602254,Up,0.849111349
GLYMA07G16840,3.28,53.13666667,4.017940009,Up,0.914956915
GLYMA11G05532,8.61,138.2366667,4.004983287,Up,0.925845426
GLYMA13G28970,0.573333333,9.196666667,4.003664987,Up,0.834638835
GLYMA04G05190,1.013333333,16.15,3.994353437,Up,0.871805372
GLYMA13G39240,0.836666667,13.27333333,3.987733952,Up,0.86010136
GLYMA15G11180,10.35,164.1366667,3.987194887,Up,0.924686925
GLYMA20G24590,0.783333333,12.40666667,3.985345393,Up,0.855505856
GLYMA12G31000,0.63,9.96,3.982722009,Up,0.838961339
GLYMA02G04760,0.896666667,14.15,3.980086476,Up,0.864122864
GLYMA09G29340,0.503333333,7.92,3.975914381,Up,0.818927319
GLYMA09G04440,1.54,24.18333333,3.973010858,Up,0.89044289
GLYMA04G03510,0.54,8.46,3.969626351,Up,0.824695325
GLYMA10G31590,14.25666667,222.7833333,3.965932696,Up,0.925782426
GLYMA03G05330,0.456666667,7.09,3.956572235,Up,0.807692308
GLYMA17G34860,0.496666667,7.686666667,3.952008277,Up,0.815714316
GLYMA15G35410,3.05,47.11333333,3.94925426,Up,0.90970341
GLYMA19G16701,4.103333333,62.92,3.93865041,Up,0.914995415
GLYMA02G15370,1.983333333,30.39,3.937597602,Up,0.898328398
GLYMA08G26880,1.5,22.93,3.934201949,Up,0.887768888
GLYMA15G03710,0.82,12.47333333,3.927079338,Up,0.855222355
GLYMA08G10250,1.236666667,18.71333333,3.919537972,Up,0.878679379
GLYMA19G42010,1.4,21.14666667,3.916931538,Up,0.884184884
GLYMA17G03900,0.933333333,14.03333333,3.910321501,Up,0.862733363
GLYMA11G34410,3.4,50.9,3.904059005,Up,0.908159908
GLYMA07G03700,2.04,30.52333333,3.903271465,Up,0.895426895
GLYMA08G44041,1.936666667,28.97333333,3.903078106,Up,0.893767894
GLYMA04G14361,35.66666667,532.2133333,3.899356358,Up,0.924557425
GLYMA14G03990,0.606666667,8.99,3.889345166,Up,0.826623827
GLYMA02G43580,2.126666667,31.30666667,3.879804079,Up,0.895976396
GLYMA14G39130,3.22,47.23,3.874570942,Up,0.906269906
GLYMA13G21580,0.516666667,7.546666667,3.868533838,Up,0.81032431
GLYMA11G13940,1.67,24.38666667,3.868172567,Up,0.887103887
GLYMA05G05420,1.6,23.34,3.866660751,Up,0.885343385
GLYMA07G05920,0.88,12.83333333,3.866248611,Up,0.853941354
GLYMA11G06690,0.913333333,13.19666667,3.852888269,Up,0.855533856
GLYMA07G30500,0.546666667,7.893333333,3.851901361,Up,0.814489314
GLYMA17G08020,1.213333333,17.49,3.849482434,Up,0.871924372
GLYMA10G44170,0.736666667,10.59666667,3.846454742,Up,0.83976634
GLYMA08G27070,2.773333333,39.76333333,3.841745769,Up,0.901996402
GLYMA19G22590,1.693333333,24.20333333,3.837267851,Up,0.886396886
GLYMA07G10260,0.556666667,7.933333333,3.833041566,Up,0.814744815
GLYMA18G49520,0.646666667,9.193333333,3.829493899,Up,0.828009828
GLYMA11G18541,0.62,8.77,3.822236722,Up,0.823536824
GLYMA06G13210,1.3,18.38333333,3.821814857,Up,0.874122374
GLYMA01G43180,1.446666667,20.37666667,3.816113619,Up,0.878829879
GLYMA11G05810,1.55,21.79666667,3.813767402,Up,0.881657882
GLYMA19G31940,3.686666667,51.45,3.802782192,Up,0.904372904
GLYMA15G01490,3.14,43.66333333,3.797585808,Up,0.900981401
GLYMA10G36200,3.103333333,43.09,3.795462526,Up,0.900662901
GLYMA10G38160,2.916666667,40.49,3.795173222,Up,0.899252399
GLYMA08G42500,0.63,8.736666667,3.793659214,Up,0.82013482
GLYMA0950S00200,2.203333333,30.28333333,3.780764338,Up,0.890988891
GLYMA15G04520,7.583333333,104.2066667,3.780471628,Up,0.913651414
GLYMA04G05940,0.62,8.48,3.773724144,Up,0.817163317
GLYMA14G00750,2.676666667,36.43333333,3.766749603,Up,0.896186396
GLYMA06G05740,1.963333333,26.71666667,3.766362981,Up,0.886631387
GLYMA10G03640,0.626666667,8.503333333,3.762258332,Up,0.817271817
GLYMA04G20330,1.653333333,22.37,3.758115731,Up,0.879372379
GLYMA01G26840,7.446666667,100.7233333,3.757659343,Up,0.913028413
GLYMA13G29370,0.77,10.27333333,3.737902105,Up,0.833060333
GLYMA01G42650,1.373333333,18.25666667,3.732669638,Up,0.86987337
GLYMA07G04860,2.383333333,31.46333333,3.722618877,Up,0.891349391
GLYMA16G06390,0.86,11.24666667,3.709017003,Up,0.83961234
GLYMA20G22311,4.346666667,56.82666667,3.708586724,Up,0.904880405
GLYMA14G00870,24.86666667,320.5066667,3.688069331,Up,0.914771415
GLYMA05G18393,17.06,219.4,3.684873974,Up,0.913392413
GLYMA19G35880,0.59,7.58,3.683410989,Up,0.802260302
GLYMA19G06540,4.03,51.62333333,3.679171556,Up,0.8995709
GLYMA07G12590,4.523333333,57.77,3.674862275,Up,0.901401401
GLYMA20G23370,1.686666667,21.53666667,3.674548185,Up,0.873285873
GLYMA02G46870,0.596666667,7.583333333,3.667835053,Up,0.802144802
GLYMA1961S00250,0.7,8.886666667,3.666215547,Up,0.816694317
GLYMA17G11040,0.696666667,8.823333333,3.662783347,Up,0.815948816
GLYMA17G13720,2.163333333,27.31333333,3.658277509,Up,0.882616883
GLYMA01G09660,0.706666667,8.9,3.654703572,Up,0.816410816
GLYMA09G11235,2.05,25.76333333,3.651623451,Up,0.88032088
GLYMA02G03265,1.013333333,12.72,3.649917943,Up,0.844323344
GLYMA11G35880,1.916666667,24.05666667,3.649765394,Up,0.877569878
GLYMA17G23811,1.806666667,22.32333333,3.627150211,Up,0.874111874
GLYMA19G27180,6.946666667,85.33,3.618660271,Up,0.906126406
GLYMA09G41840,28.58,349.46,3.612049509,Up,0.913721414
GLYMA13G05480,2.22,27.08666667,3.608951282,Up,0.881559882
GLYMA02G06400,2.493333333,30.41,3.608398142,Up,0.885451885
GLYMA06G08160,1.656666667,20.13,3.602991916,Up,0.869187369
GLYMA16G05190,1.536666667,18.60333333,3.597684991,Up,0.865589366
GLYMA02G04820,15.21,183.7233333,3.594442806,Up,0.911260911
GLYMA05G33440,0.733333333,8.84,3.591505347,Up,0.814898815
GLYMA07G39130,4.45,53.33333333,3.583160258,Up,0.898636399
GLYMA17G16210,1.113333333,13.33333333,3.582079992,Up,0.846419846
GLYMA11G15200,0.806666667,9.66,3.581978642,Up,0.822374822
GLYMA07G37240,201.2666667,2397.37,3.574272424,Up,0.911064911
GLYMA02G16150,1.25,14.87,3.572404647,Up,0.84961185
GLYMA12G02240,2.243333333,26.61,3.568252601,Up,0.876831377
GLYMA18G47130,1.776666667,21.05,3.566575296,Up,0.867234367
GLYMA08G08570,0.683333333,8.09,3.565478294,Up,0.803138803
GLYMA07G38550,0.96,11.36333333,3.565207883,Up,0.831387331
GLYMA11G07510,3.613333333,42.73333333,3.5639596,Up,0.89027489
GLYMA09G31740,3.39,39.85666667,3.55546388,Up,0.888591389
GLYMA05G25460,2.036666667,23.91,3.553332346,Up,0.872337372
GLYMA06G40860,1.48,17.26333333,3.544041977,Up,0.857227857
GLYMA09G40580,2.953333333,34.26666667,3.536389756,Up,0.884363384
GLYMA14G36930,0.943333333,10.93,3.534381944,Up,0.827908328
GLYMA19G42220,0.91,10.45,3.521492587,Up,0.824191324
GLYMA18G45260,7.43,85.28666667,3.520886099,Up,0.901054901
GLYMA14G35700,1.473333333,16.88333333,3.518443994,Up,0.855715856
GLYMA08G12963,0.926666667,10.59666667,3.515416228,Up,0.825251825
GLYMA07G39760,3.4,38.81666667,3.513069582,Up,0.887065387
GLYMA17G35730,2.456666667,27.95666667,3.508418332,Up,0.877373877
GLYMA02G38041,1.686666667,19.19333333,3.508358499,Up,0.862019362
GLYMA01G06820,6.106666667,69.46,3.507725408,Up,0.898272398
GLYMA03G25590,0.906666667,10.31,3.507328277,Up,0.822864823
GLYMA02G38921,1.706666667,19.36666667,3.504322448,Up,0.862239862
GLYMA19G39920,8.75,99.14666667,3.502209347,Up,0.902013902
GLYMA10G39010,1.626666667,18.42,3.501282509,Up,0.85983886
GLYMA03G29440,2.55,28.78666667,3.49683159,Up,0.878203378
GLYMA15G13560,16.04333333,181.0333333,3.496209535,Up,0.906112406
GLYMA01G43880,22.21666667,250.1666667,3.493175291,Up,0.907130907
GLYMA19G38390,1.39,15.54,3.482829716,Up,0.85032585
GLYMA2269S00200,2.956666667,32.87666667,3.475020524,Up,0.882088382
GLYMA19G42830,1.5,16.64,3.471621028,Up,0.853965854
GLYMA10G43600,1.16,12.86333333,3.471067833,Up,0.838397838
GLYMA03G04470,1.66,18.30666667,3.463113978,Up,0.858820359
GLYMA13G24200,47.54666667,524.15,3.462563631,Up,0.908240408
GLYMA16G02570,4.603333333,50.6,3.458386566,Up,0.891965392
GLYMA13G09420,3.676666667,40.4,3.457885003,Up,0.887100387
GLYMA08G06720,0.81,8.896666667,3.457271087,Up,0.80951581
GLYMA02G37280,4.29,46.79,3.447150676,Up,0.886326886
GLYMA09G12400,2.576666667,27.79,3.430988016,Up,0.871945372
GLYMA15G02850,8.526666667,91.60666667,3.425398831,Up,0.896175896
GLYMA15G15171,3.896666667,41.82666667,3.424110599,Up,0.883470883
GLYMA20G02231,0.996666667,10.67,3.420305287,Up,0.82005082
GLYMA19G29970,1.433333333,15.34333333,3.420165878,Up,0.844855345
GLYMA09G01920,4.036666667,43.08333333,3.41589351,Up,0.884090384
GLYMA06G02120,32.40666667,344.2666667,3.409163961,Up,0.902713903
GLYMA09G04420,1.263333333,13.42,3.409077419,Up,0.836357336
GLYMA11G06191,1.096666667,11.60333333,3.403342325,Up,0.826105826
GLYMA09G01040,1.916666667,20.17,3.395539724,Up,0.858389858
GLYMA09G30970,174.9366667,1837.516667,3.392852721,Up,0.903844404
GLYMA14G22131,2.016666667,21.04666667,3.383547213,Up,0.85998236
GLYMA15G13500,4.176666667,43.45,3.378932263,Up,0.883495383
GLYMA14G03470,53.91666667,559.6166667,3.375635718,Up,0.902979903
GLYMA13G36110,17.47,180.09,3.36576656,Up,0.8998229
GLYMA20G38570,2.8,28.71333333,3.358222091,Up,0.871703872
GLYMA19G25930,3.006666667,30.75333333,3.354505954,Up,0.873859874
GLYMA17G03850,15.91666667,162.61,3.352805844,Up,0.898975899
GLYMA08G45150,1.043333333,10.65666667,3.352484182,Up,0.818629819
GLYMA16G02250,4.863333333,49.59,3.350031843,Up,0.885665386
GLYMA13G34520,2.963333333,30.08333333,3.343671608,Up,0.872918373
GLYMA08G21300,1.95,19.79333333,3.343468564,Up,0.856415856
GLYMA17G07070,4.413333333,44.41333333,3.331052232,Up,0.882921383
GLYMA08G06110,2.176666667,21.87666667,3.329200536,Up,0.860503861
GLYMA03G29190,3.723333333,37.37,3.327213879,Up,0.878822879
GLYMA07G24480,6.36,63.79,3.326231608,Up,0.88962739
GLYMA13G06860,1.14,11.40666667,3.32277153,Up,0.823249823
GLYMA14G38871,1.173333333,11.71333333,3.319466857,Up,0.825216825
GLYMA12G06310,17.79,177.0233333,3.314801118,Up,0.894443394
GLYMA12G01390,1.776666667,17.67666667,3.31460131,Up,0.846223846
GLYMA05G28250,5.743333333,56.96,3.309988945,Up,0.883379883
GLYMA20G01200,1.51,14.96,3.308489721,Up,0.837127337
GLYMA07G25986,1.406666667,13.90666667,3.305424254,Up,0.832563333
GLYMA09G08550,7.116666667,70.27333333,3.303703764,Up,0.886463386
GLYMA08G18990,19.08333333,188.4066667,3.303464917,Up,0.894436394
GLYMA03G30420,4.78,47.09333333,3.300440319,Up,0.879424879
GLYMA07G16800,2.3,22.54,3.292781749,Up,0.856937357
GLYMA07G37265,180.0133333,1761.106667,3.290306619,Up,0.897673898
GLYMA16G26060,6.54,63.57,3.280983548,Up,0.884450884
GLYMA06G42520,2.273333333,22.04333333,3.277461257,Up,0.855705356
GLYMA10G43440,0.946666667,9.15,3.272843314,Up,0.8002793
GLYMA07G33870,14.19666667,137.0633333,3.271218544,Up,0.892140392
GLYMA13G21050,3.56,34.35,3.270360953,Up,0.871322371
GLYMA02G06990,1.283333333,12.37,3.26887765,Up,0.823970824
GLYMA17G14620,15.18333333,146.2066667,3.267448638,Up,0.892563893
GLYMA01G32900,2.523333333,24.28333333,3.266563767,Up,0.85962536
GLYMA02G00890,2.476666667,23.8,3.264489958,Up,0.858501859
GLYMA01G45020,16.98333333,163.1066667,3.2636242,Up,0.892959393
GLYMA05G23680,1.54,14.76666667,3.261341942,Up,0.835289835
GLYMA01G33070,10.21666667,97.76666667,3.258418092,Up,0.889245889
GLYMA13G23510,3.79,36.21666667,3.256384015,Up,0.872526373
GLYMA17G06930,4.45,42.52333333,3.256377451,Up,0.876467376
GLYMA08G18900,1.26,12.04,3.256339753,Up,0.821800822
GLYMA09G05450,1.873333333,17.85333333,3.252513925,Up,0.845425845
GLYMA06G04930,2.643333333,25.09,3.2466822,Up,0.86042686
GLYMA12G08980,3.923333333,37.05666667,3.239581294,Up,0.872680373
GLYMA06G35570,10.1,95.06666667,3.234584283,Up,0.888283388
GLYMA20G26510,1.773333333,16.65333333,3.231275326,Up,0.841309841
GLYMA02G10490,1.846666667,17.28666667,3.226664325,Up,0.843182343
GLYMA09G25420,6.903333333,64.06666667,3.214208877,Up,0.882987883
GLYMA07G37270,2.806666667,26.02333333,3.212876131,Up,0.860955361
GLYMA20G01930,3.723333333,34.44,3.209418458,Up,0.87000637
GLYMA15G21361,1.746666667,16.15,3.208857949,Up,0.839139839
GLYMA12G36940,1.646666667,15.21333333,3.207715845,Up,0.835874336
GLYMA06G08150,2.346666667,21.66666667,3.206792384,Up,0.853479353
GLYMA16G18480,14.85666667,136.8833333,3.203764432,Up,0.89049889
GLYMA08G06810,3.116666667,28.69666667,3.202807397,Up,0.864154364
GLYMA11G24062,1.436666667,13.21,3.200833193,Up,0.826679827
GLYMA12G25740,18.52333333,170.2366667,3.200126163,Up,0.891758892
GLYMA16G32560,4.7,43.02333333,3.194386643,Up,0.875070875
GLYMA11G33110,1.533333333,14.03333333,3.194114467,Up,0.83041083
GLYMA03G00660,6.58,60.11666667,3.191605528,Up,0.881475881
GLYMA03G30410,2.593333333,23.68666667,3.191195628,Up,0.856657357
GLYMA13G11925,19.21333333,174.97,3.186927842,Up,0.891597892
GLYMA01G34830,1.19,10.82333333,3.185111405,Up,0.812165312
GLYMA11G01350,13.46333333,121.84,3.177880297,Up,0.889238889
GLYMA17G15690,13.31,120.4466667,3.177811992,Up,0.889154889
GLYMA18G44320,1.863333333,16.81333333,3.173648087,Up,0.84048734
GLYMA18G20146,8.146666667,73.46,3.172677112,Up,0.884142884
GLYMA18G05700,10.48666667,94.21,3.167324034,Up,0.886862387
GLYMA11G37280,1.266666667,11.34333333,3.162735828,Up,0.810887811
GLYMA07G32070,3.823333333,34.20666667,3.161374634,Up,0.864402864
GLYMA01G41190,6.433333333,57.54,3.160926874,Up,0.875816376
GLYMA07G08050,1.12,9.986666667,3.156504486,Up,0.800835801
GLYMA08G40270,1.153333333,10.28333333,3.156426546,Up,0.803264803
GLYMA09G04520,5.39,48,3.154677228,Up,0.872172872
GLYMA03G30390,6.556666667,58.29333333,3.152296443,Up,0.875816376
GLYMA03G14780,5.396666667,47.88333333,3.149383102,Up,0.872106372
GLYMA20G28890,12.78333333,112.3433333,3.135578533,Up,0.883386883
GLYMA04G26220,13.22333333,115.7333333,3.129646645,Up,0.883390383
GLYMA12G16270,3.206666667,28.00666667,3.126623987,Up,0.857395857
GLYMA02G47940,1.5,13.07,3.123224735,Up,0.81980232
GLYMA08G25510,6.44,55.66666667,3.111681103,Up,0.873877374
GLYMA17G35580,1.956666667,16.9,3.110553339,Up,0.834785835
GLYMA01G06810,3.65,31.51666667,3.110146588,Up,0.860664861
GLYMA11G37360,7.59,64.91,3.096268965,Up,0.876194376
GLYMA10G01160,1.523333333,12.94,3.086534048,Up,0.818346318
GLYMA10G37940,2.013333333,17.00666667,3.078442444,Up,0.834330834
GLYMA13G12079,2.21,18.66333333,3.078088405,Up,0.839108339
GLYMA13G12071,2.21,18.66333333,3.078088405,Up,0.839108339
GLYMA13G11956,2.21,18.66333333,3.078088405,Up,0.839108339
GLYMA09G29991,1.253333333,10.57333333,3.076588204,Up,0.803341803
GLYMA17G13730,19.35333333,162.9266667,3.073568777,Up,0.883967884
GLYMA15G40260,1.46,12.22333333,3.065597491,Up,0.813859314
GLYMA07G19820,1.396666667,11.66,3.06150814,Up,0.81022981
GLYMA09G23671,2.043333333,17.05333333,3.061057285,Up,0.834022834
GLYMA03G15130,4.756666667,39.57333333,3.056505757,Up,0.865589366
GLYMA08G18690,34.01,282.5266667,3.054356134,Up,0.885458885
GLYMA06G47630,2.646666667,21.97,3.053286458,Up,0.845796846
GLYMA16G15166,4.233333333,35.02666667,3.048587703,Up,0.862211862
GLYMA13G11980,1.983333333,16.4,3.047696742,Up,0.831670832
GLYMA13G39590,1.283333333,10.56333333,3.041097309,Up,0.802228802
GLYMA14G06981,13.53666667,110.3833333,3.027577926,Up,0.88023338
GLYMA04G04240,7.483333333,60.92333333,3.025241935,Up,0.873243873
GLYMA09G08150,9.14,74.35666667,3.024196027,Up,0.875959876
GLYMA20G26830,1.86,15.13,3.024037461,Up,0.826277326
GLYMA19G34280,2.183333333,17.73666667,3.022130592,Up,0.834764835
GLYMA17G03360,10.06333333,81.44666667,3.016747399,Up,0.876992377
GLYMA14G26450,2.016666667,16.32,3.016596511,Up,0.83043183
GLYMA17G22808,1.853333333,14.99,3.015806096,Up,0.825612326
GLYMA03G40480,1.54,12.44333333,3.014370752,Up,0.813414813
GLYMA01G42840,4.466666667,36.03666667,3.01219507,Up,0.861777862
GLYMA07G09220,48.76666667,393.33,3.011772959,Up,0.884979385
GLYMA12G31840,1.473333333,11.87,3.010164161,Up,0.81006881
GLYMA20G06680,1.32,10.62333333,3.008626684,Up,0.801696802
GLYMA19G02710,2.15,17.28333333,3.006972923,Up,0.833263333
GLYMA15G40200,86.52,694.4166667,3.004696004,Up,0.885455385
GLYMA09G29360,1.813333333,14.52666667,3.00198764,Up,0.823232323
GLYMA08G22730,1.323333333,10.59666667,3.001362104,Up,0.801322301
GLYMA05G21360,3.74,29.79,2.993717948,Up,0.851183351
GLYMA09G01320,47.15,375.28,2.99263773,Up,0.87990088
GLYMA17G02600,4.083333333,32.46666667,2.991140023,Up,0.853892354
GLYMA10G05210,1.756666667,13.93,2.987282892,Up,0.815861316
GLYMA07G37200,3.743333333,29.66666667,2.986447408,Up,0.851036351
GLYMA02G11600,17.49666667,138.1666667,2.981257599,Up,0.875998376
GLYMA17G06150,2.453333333,19.36666667,2.980760492,Up,0.833749834
GLYMA04G03750,1.57,12.39,2.980339723,Up,0.807881308
GLYMA12G03450,1.786666667,14.01666667,2.971800895,Up,0.815766816
GLYMA01G40985,14.74333333,115.6166667,2.971214737,Up,0.874510875
GLYMA02G15800,1.45,11.36666667,2.970684433,Up,0.801360801
GLYMA06G14880,8.65,67.67,2.967744351,Up,0.868795369
GLYMA08G26840,10.17666667,79.47,2.965145256,Up,0.870926871
GLYMA04G10730,1.523333333,11.87666667,2.962826413,Up,0.804255304
GLYMA01G34650,2.356666667,18.37333333,2.962793768,Up,0.830634831
GLYMA15G08480,1.88,14.63333333,2.960453872,Up,0.818013818
GLYMA20G12290,5.586666667,43.46,2.959628526,Up,0.860524861
GLYMA03G12070,10.23333333,79.52333333,2.958102076,Up,0.870632871
GLYMA17G35600,2.626666667,20.40333333,2.957499833,Up,0.835597836
GLYMA05G38220,12.86666667,99.81666667,2.95564238,Up,0.872872873
GLYMA07G16970,2.51,19.42,2.951783931,Up,0.833035833
GLYMA18G51400,9.336666667,72.06333333,2.948285903,Up,0.869159369
GLYMA13G35550,24.82333333,190.8866667,2.942947573,Up,0.876351876
GLYMA11G29080,1.92,14.76333333,2.94284028,Up,0.817978818
GLYMA06G14680,14.66333333,112.7166667,2.942415847,Up,0.873327873
GLYMA04G33110,2.326666667,17.86333333,2.940664875,Up,0.828433328
GLYMA17G23840,2.243333333,17.02,2.923515128,Up,0.825325325
GLYMA04G40960,3.453333333,26.18666667,2.922770927,Up,0.844435344
GLYMA12G07943,6.913333333,52.00333333,2.911150707,Up,0.862432362
GLYMA07G38580,4.803333333,36.07333333,2.908824906,Up,0.854361354
GLYMA14G37980,3.33,25.00666667,2.90871868,Up,0.842419342
GLYMA08G28190,5.953333333,44.36666667,2.897706586,Up,0.858897359
GLYMA16G28590,16.79,125.0366667,2.896677088,Up,0.872673373
GLYMA16G02410,21.44333333,158.8666667,2.889215358,Up,0.873852874
GLYMA04G09110,1.8,13.28333333,2.883548412,Up,0.809435309
GLYMA03G18990,2.536666667,18.70333333,2.882289554,Up,0.828965329
GLYMA01G25960,1.75,12.9,2.881944238,Up,0.807482307
GLYMA18G03930,8.346666667,61.20666667,2.874416739,Up,0.864017864
GLYMA14G36860,1.926666667,14.07666667,2.869126849,Up,0.812956313
GLYMA15G28440,5.123333333,37.40666667,2.868140748,Up,0.854105854
GLYMA07G32050,11.57333333,84.32666667,2.86518448,Up,0.868326368
GLYMA11G19890,2.273333333,16.53666667,2.862787313,Up,0.821979322
GLYMA08G42660,6.783333333,49.1,2.855656731,Up,0.85968836
GLYMA05G02210,3.483333333,25.02333333,2.844733541,Up,0.84027384
GLYMA12G35000,11.36,81.19333333,2.83739844,Up,0.867003367
GLYMA11G37930,3.166666667,22.61333333,2.836136751,Up,0.836150836
GLYMA02G08835,1.836666667,13.08666667,2.832935949,Up,0.806834807
GLYMA03G41600,1.776666667,12.64333333,2.831131934,Up,0.804573805
GLYMA19G30110,14.20333333,100.87,2.828195707,Up,0.868774369
GLYMA10G41670,2.406666667,17.02333333,2.822405317,Up,0.822276822
GLYMA09G29870,2.243333333,15.85,2.820766931,Up,0.818503819
GLYMA15G09370,1.966666667,13.85,2.816061617,Up,0.81013181
GLYMA15G40070,4.926666667,34.68333333,2.81555879,Up,0.85046235
GLYMA13G40900,3.593333333,25.28,2.814601786,Up,0.83971034
GLYMA0819S00210,24.34,170.26,2.806338462,Up,0.871633872
GLYMA18G07153,2.496666667,17.28333333,2.791306365,Up,0.817275317
GLYMA12G01820,8.42,58.24666667,2.790283351,Up,0.855862856
GLYMA13G12077,9.493333333,64.93333333,2.773972626,Up,0.856930357
GLYMA19G24250,10.76333333,73.51666667,2.771946414,Up,0.858788859
GLYMA19G39630,2.21,15.07666667,2.770199221,Up,0.809067809
GLYMA17G12270,5.276666667,35.93666667,2.767757842,Up,0.845061845
GLYMA05G29400,16.97,115.4366667,2.766043076,Up,0.863216363
GLYMA20G05556,22.35333333,151.7133333,2.762785995,Up,0.864616365
GLYMA02G06480,3.863333333,25.95666667,2.74818706,Up,0.834008834
GLYMA17G03890,2.373333333,15.89333333,2.743435089,Up,0.811199311
GLYMA09G39200,5.03,33.61666667,2.740546373,Up,0.842156842
GLYMA13G40590,6.033333333,40.24666667,2.737842104,Up,0.846797847
GLYMA03G40770,236.3066667,1573.543333,2.735284673,Up,0.867997368
GLYMA03G19260,42.68,282.61,2.727180434,Up,0.866016366
GLYMA03G02090,8.02,53.05333333,2.725769257,Up,0.852222852
GLYMA13G11820,20.64333333,136.3033333,2.723072994,Up,0.862649363
GLYMA10G35090,4.253333333,27.91,2.714116296,Up,0.835377335
GLYMA12G05320,12.44333333,81.63666667,2.713844269,Up,0.857987358
GLYMA17G03350,43.77333333,287.15,2.713680407,Up,0.865382865
GLYMA04G05300,4.873333333,31.96,2.713286598,Up,0.83974184
GLYMA09G05440,22.77666667,148.5133333,2.704963929,Up,0.862470862
GLYMA17G11160,2.993333333,19.50666667,2.704142419,Up,0.82037282
GLYMA20G01910,34.32,222.97,2.699728155,Up,0.864210364
GLYMA19G05570,2.126666667,13.77666667,2.695561035,Up,0.801024801
GLYMA05G04180,7.42,47.96666667,2.692541094,Up,0.848929349
GLYMA05G01845,7.393333333,47.78,2.692109989,Up,0.848831349
GLYMA03G24020,8.453333333,54.6,2.691308706,Up,0.851351351
GLYMA09G25520,3.953333333,25.52333333,2.690675247,Up,0.831208831
GLYMA18G07301,9.616666667,62.01666667,2.689047166,Up,0.853412853
GLYMA07G08710,6.316666667,40.69,2.687438933,Up,0.845310345
GLYMA07G32330,5.96,38.31666667,2.684587824,Up,0.843651344
GLYMA11G15030,2.723333333,17.45333333,2.680057114,Up,0.814048314
GLYMA20G38070,2.74,17.54333333,2.678675096,Up,0.814282814
GLYMA14G35370,2.186666667,13.97,2.675526802,Up,0.801101801
GLYMA06G16490,3.723333333,23.78,2.67508203,Up,0.828041328
GLYMA20G21230,2.476666667,15.79333333,2.672844083,Up,0.808304808
GLYMA08G04670,7.286666667,46.44,2.672037072,Up,0.847525848
GLYMA03G16510,7.926666667,50.49333333,2.671306706,Up,0.849104349
GLYMA16G19480,2.52,16.04333333,2.670478284,Up,0.809190309
GLYMA04G39970,5.243333333,33.18333333,2.661902645,Up,0.838964839
GLYMA07G29650,3.24,20.45,2.658035125,Up,0.820953821
GLYMA15G05510,42.77666667,269.7566667,2.656762643,Up,0.863359863
GLYMA15G15200,5.713333333,36.02,2.656393573,Up,0.841271341
GLYMA08G18340,3.083333333,19.41,2.654237348,Up,0.817992818
GLYMA08G14900,18.49666667,115.68,2.64480225,Up,0.858498358
GLYMA05G00880,2.713333333,16.96,2.643997971,Up,0.810905311
GLYMA02G37560,5.81,36.22333333,2.640309243,Up,0.840581841
GLYMA11G15070,10.01666667,62.41,2.639374721,Up,0.851592852
GLYMA16G17680,10.66666667,66.10666667,2.631686366,Up,0.851946352
GLYMA15G22820,7.826666667,48.41,2.628835186,Up,0.846668347
GLYMA07G38530,3.566666667,21.98333333,2.623761863,Up,0.822329322
GLYMA13G05830,5.173333333,31.87,2.623032962,Up,0.836066836
GLYMA07G03920,2.526666667,15.55,2.621607328,Up,0.805123305
GLYMA18G05580,4.056666667,24.91666667,2.618744411,Up,0.827243327
GLYMA09G00280,3.073333333,18.85,2.616688368,Up,0.815266315
GLYMA06G14170,8.93,54.74333333,2.615951203,Up,0.848551349
GLYMA08G08720,2.423333333,14.8,2.610532407,Up,0.801801802
GLYMA13G24490,15.42333333,94.15666667,2.609948649,Up,0.855386855
GLYMA13G36910,3.576666667,21.82333333,2.609183903,Up,0.821548822
GLYMA06G17680,10.7,65.27666667,2.608956592,Up,0.850899851
GLYMA01G44120,12.58666667,76.57,2.604882993,Up,0.852695353
GLYMA11G06790,2.426666667,14.76,2.604644867,Up,0.801185801
GLYMA14G24220,17.69666667,107.08,2.597139498,Up,0.856023856
GLYMA08G41450,3.213333333,19.27,2.584214021,Up,0.814881315
GLYMA19G22560,5.833333333,34.96666667,2.583587851,Up,0.837197337
GLYMA11G12720,19.28333333,115.21,2.578839582,Up,0.856009856
GLYMA02G37080,15.26666667,90.57666667,2.56875435,Up,0.847858348
GLYMA18G44970,6.953333333,41.25333333,2.568734039,Up,0.835209335
GLYMA13G31190,2.986666667,17.65,2.563060047,Up,0.804118804
GLYMA13G23790,14.43333333,85.21333333,2.561674662,Up,0.846853847
GLYMA08G19230,4.303333333,25.35666667,2.558838604,Up,0.82000882
GLYMA17G10050,36.75666667,216.23,2.556488853,Up,0.852898353
GLYMA12G33510,3.94,23.17,2.555990509,Up,0.816536817
GLYMA17G20070,3.593333333,21.02,2.548367992,Up,0.812007812
GLYMA10G34580,11.33,66.03,2.542973785,Up,0.842692343
GLYMA09G02800,5.583333333,32.52,2.542128663,Up,0.827845328
GLYMA07G19850,4.843333333,28.15666667,2.539404348,Up,0.823141323
GLYMA17G02670,16.68333333,96.83,2.537046526,Up,0.847217847
GLYMA15G16780,12.88,74.72333333,2.53642622,Up,0.844494844
GLYMA01G03820,18.5,107.15,2.534034674,Up,0.847434847
GLYMA03G38570,13.1,75.73,2.531298117,Up,0.844039844
GLYMA10G42540,11.52666667,66.54333333,2.529318768,Up,0.842167342
GLYMA08G20090,9.826666667,56.71666667,2.528998722,Up,0.83972084
GLYMA06G13280,3.886666667,22.33,2.522377963,Up,0.813141813
GLYMA06G15030,3.86,22.16333333,2.521502124,Up,0.812823313
GLYMA03G19810,56.58,324.85,2.521409623,Up,0.852054852
GLYMA19G40150,3.873333333,22.21,2.519561825,Up,0.812900313
GLYMA13G00840,11.3,64.66666667,2.516699474,Up,0.841358841
GLYMA15G21381,7.19,40.88666667,2.507566774,Up,0.832335832
GLYMA14G09580,3.19,18.07333333,2.502234283,Up,0.802578803
GLYMA02G09290,11.84,66.96,2.499630447,Up,0.840959841
GLYMA12G01130,5.533333333,31.16333333,2.493628816,Up,0.824107324
GLYMA20G27020,6.216666667,34.99333333,2.492866967,Up,0.827551328
GLYMA14G39160,19.85666667,111.64,2.491158666,Up,0.846010346
GLYMA12G03560,9.046666667,50.68666667,2.48614807,Up,0.835898836
GLYMA15G01100,8.223333333,46.06333333,2.485823599,Up,0.834075334
GLYMA15G06780,292.7,1636.566667,2.483177722,Up,0.851424851
GLYMA07G33090,5.003333333,27.97,2.482918778,Up,0.81995982
GLYMA20G36226,3.65,20.4,2.482600783,Up,0.807412307
GLYMA06G19450,3.336666667,18.54333333,2.474421131,Up,0.802389802
GLYMA17G04520,4.42,24.48333333,2.469681715,Up,0.814475314
GLYMA13G21310,5.55,30.71666667,2.468461989,Up,0.822714323
GLYMA04G41540,6.57,36.35333333,2.468122379,Up,0.827624828
GLYMA13G29360,3.423333333,18.85333333,2.461345938,Up,0.802743303
GLYMA20G04520,3.8,20.89666667,2.459201505,Up,0.807671308
GLYMA12G06290,3.306666667,18.16,2.457314678,Up,0.800954801
GLYMA16G04800,3.766666667,20.64,2.454082699,Up,0.806526807
GLYMA06G01700,11.13666667,60.56333333,2.44312713,Up,0.836612837
GLYMA08G43360,21.52666667,116.6533333,2.438030687,Up,0.843980344
GLYMA09G41850,13.94666667,75.01,2.427162591,Up,0.839195839
GLYMA13G37320,7.876666667,42.19666667,2.421471909,Up,0.828748329
GLYMA16G31270,9.06,48.38,2.416827814,Up,0.831614832
GLYMA18G08910,15.11666667,80.65,2.415534483,Up,0.83955284
GLYMA19G31320,9.47,50.46666667,2.413894469,Up,0.831873832
GLYMA07G02730,4.543333333,24.18333333,2.412190052,Up,0.810915811
GLYMA18G07160,6.706666667,35.64,2.409829532,Up,0.824040824
GLYMA13G11958,29.47333333,156.4933333,2.408619061,Up,0.844158844
GLYMA11G15090,32.25333333,171.1733333,2.407937792,Up,0.844596345
GLYMA17G18230,7.163333333,37.9,2.403494866,Up,0.825335825
GLYMA01G03120,4.36,22.88666667,2.392107316,Up,0.808042308
GLYMA14G06310,67.2,352.65,2.391703902,Up,0.845842346
GLYMA19G27200,26.14333333,137.16,2.391344805,Up,0.842520843
GLYMA13G12201,192.33,1006.95,2.388336329,Up,0.846825847
GLYMA02G14250,5.396666667,28.22,2.386577503,Up,0.815955816
GLYMA18G47770,6.533333333,34.14333333,2.385712759,Up,0.822049322
GLYMA13G32320,6.023333333,31.40333333,2.382283698,Up,0.818962319
GLYMA11G33590,4.456666667,23.21333333,2.380916738,Up,0.808056308
GLYMA10G32410,8.88,46.24333333,2.380613813,Up,0.828741329
GLYMA03G28490,28.00666667,145.79,2.380049576,Up,0.842317842
GLYMA05G27960,13.65,71.03333333,2.379595236,Up,0.835891836
GLYMA18G05890,38.7,200.9966667,2.376766104,Up,0.843819344
GLYMA16G34720,3.906666667,20.26,2.374624105,Up,0.801595302
GLYMA19G31230,7.876666667,40.73,2.370434686,Up,0.825440825
GLYMA02G40820,25.45333333,131.6,2.370232982,Up,0.841134841
GLYMA13G22650,17.00666667,87.85,2.368941888,Up,0.837802838
GLYMA13G26630,36.98333333,190.7866667,2.367013184,Up,0.843028343
GLYMA03G34420,15.84,81.61666667,2.365291455,Up,0.837032837
GLYMA09G24530,4.003333333,20.57,2.361268144,Up,0.801819302
GLYMA09G04630,6.226666667,31.95333333,2.359434485,Up,0.818374318
GLYMA01G20700,7.746666667,39.69666667,2.357370301,Up,0.824205324
GLYMA10G37620,57.01333333,292.05,2.356844127,Up,0.843791344
GLYMA12G07050,12.09666667,61.59,2.348086572,Up,0.832153832
GLYMA03G00920,6.763333333,34.32333333,2.343383304,Up,0.819452319
GLYMA05G34760,8.573333333,43.50666667,2.343308345,Up,0.825209825
GLYMA13G12010,169.2066667,858.5866667,2.343177358,Up,0.843899844
GLYMA04G40350,12.59666667,63.46333333,2.332881281,Up,0.831621832
GLYMA12G02310,4.21,21.2,2.332172126,Up,0.801574302
GLYMA03G40680,9.153333333,46.04666667,2.330727598,Up,0.825920326
GLYMA12G00800,6.343333333,31.87666667,2.329187714,Up,0.816655817
GLYMA15G04805,26.29,132.0166667,2.328134029,Up,0.838999839
GLYMA05G36876,15.86666667,79.52,2.325318684,Up,0.834575835
GLYMA10G41450,5.09,25.45,2.321928095,Up,0.808444808
GLYMA12G07040,18.53,92.28333333,2.316207235,Up,0.835681836
GLYMA19G35601,10.37,51.42,2.309913716,Up,0.822087822
GLYMA06G08670,8.54,42.13333333,2.302654083,Up,0.817579818
GLYMA19G39240,47.56666667,234.12,2.29922535,Up,0.835076335
GLYMA02G16365,9.933333333,48.85666667,2.298205607,Up,0.820663321
GLYMA08G45810,4.95,24.26666667,2.293475519,Up,0.8000518
GLYMA08G45820,11.35333333,55.6,2.291968949,Up,0.822409822
GLYMA02G38210.13,5.083333333,24.89333333,2.291912685,Up,0.800961801
GLYMA06G46680,24.83333333,121.4833333,2.29040857,Up,0.831397831
GLYMA15G15490,5.166666667,25.18333333,2.28516354,Up,0.801357301
GLYMA13G12018,26.14333333,127.3133333,2.283868514,Up,0.831128331
GLYMA09G35950,5.296666667,25.77333333,2.282722513,Up,0.801700302
GLYMA15G37230,6.016666667,29.26666667,2.282222103,Up,0.806411306
GLYMA15G42480,32.33333333,156.69,2.276818958,Up,0.832300832
GLYMA03G28731,8.146666667,39.45666667,2.275987297,Up,0.814944315
GLYMA13G27650,11.3,54.54,2.270991928,Up,0.820887321
GLYMA17G37180,7.97,38.42,2.26920589,Up,0.813771814
GLYMA15G27660,108.1466667,520.7433333,2.267583266,Up,0.834838335
GLYMA14G36850,23.22666667,111.7333333,2.26620562,Up,0.82953233
GLYMA09G39890,6.96,33.22,2.254892862,Up,0.808556809
GLYMA01G44930,34.02666667,162.14,2.252502315,Up,0.830652331
GLYMA01G41030,9.33,44.42,2.251260407,Up,0.815763316
GLYMA15G40761,9.043333333,42.92666667,2.246947602,Up,0.815017815
GLYMA08G01180,54.99333333,259.8766667,2.240498465,Up,0.831705832
GLYMA14G11960,6.31,29.81,2.240084465,Up,0.804615805
GLYMA17G02900,7,32.97666667,2.236018749,Up,0.807678308
GLYMA19G43460,56.72666667,267.0066667,2.234776767,Up,0.831173831
GLYMA13G11910,452.15,2118.596667,2.228235588,Up,0.832909833
GLYMA06G14820,27.06333333,126.7833333,2.227953655,Up,0.827988828
GLYMA10G33650,161.4933333,750.7966667,2.216947635,Up,0.832038332
GLYMA01G26220,6.786666667,31.54666667,2.216712512,Up,0.805287805
GLYMA10G01060,7.783333333,36.17666667,2.216599434,Up,0.809232309
GLYMA15G13230,7.09,32.91333333,2.214814612,Up,0.805886306
GLYMA18G15570,8.573333333,39.78666667,2.214356893,Up,0.810961311
GLYMA13G11905,52.24666667,242.24,2.213026209,Up,0.82967933
GLYMA06G38410,6.29,29.14666667,2.212198978,Up,0.802008302
GLYMA17G17730,15.62,72.24,2.209403439,Up,0.821492821
GLYMA12G13290,8.813333333,40.68,2.206560003,Up,0.811391811
GLYMA06G42950,16.42333333,75.72,2.20492744,Up,0.821608322
GLYMA11G27720,62.09,285.2733333,2.199912057,Up,0.82956033
GLYMA14G01405,6.713333333,30.80666667,2.198141406,Up,0.803394303
GLYMA18G47270,40.27,184.4933333,2.195791308,Up,0.828195328
GLYMA04G08560,7.706666667,35.27666667,2.194535348,Up,0.806628307
GLYMA07G07870,7.77,35.43666667,2.1892564,Up,0.806719307
GLYMA13G28630,29.80333333,135.6166667,2.185988888,Up,0.825857326
GLYMA08G37670,9.82,44.6,2.18324878,Up,0.811538812
GLYMA02G43270,50.76666667,229.9933333,2.179638602,Up,0.827575828
GLYMA01G17590,14.97333333,67.43666667,2.1711378,Up,0.817996318
GLYMA20G38950,13.60666667,61.01666667,2.164889686,Up,0.815738816
GLYMA17G03340,17.76,79.54666667,2.163169895,Up,0.819371819
GLYMA07G13450,17.44,78.1,2.162922508,Up,0.819123319
GLYMA13G01570,21.86,97.76333333,2.161000075,Up,0.821352821
GLYMA20G37486,8.84,39.49,2.159369093,Up,0.807401807
GLYMA18G49540,10.16,45.25666667,2.155229926,Up,0.81038381
GLYMA13G26290,15.30333333,67.91,2.149778101,Up,0.816659317
GLYMA02G02560,16.16,70.97666667,2.134917623,Up,0.816064316
GLYMA13G11850,51.89333333,227.5633333,2.132647004,Up,0.824264824
GLYMA05G37085,15.41666667,67.13666667,2.122610044,Up,0.814737815
GLYMA06G14200,13.15333333,56.56,2.104353665,Up,0.810667311
GLYMA13G11991,71.30333333,306.3733333,2.103249303,Up,0.823011823
GLYMA13G11851,10.67333333,45.39333333,2.088469625,Up,0.805917806
GLYMA11G00300,11.97666667,50.89333333,2.087250251,Up,0.808115808
GLYMA02G18260,8.81,37.23666667,2.079510008,Up,0.800608301
GLYMA11G15050,21.59,91.14,2.077721127,Up,0.815273315
GLYMA04G29490,18.04,75.78666667,2.070744715,Up,0.812672813
GLYMA13G40940,28.94333333,121.2466667,2.066642097,Up,0.816911317
GLYMA03G37490,11.86333333,49.63333333,2.064799916,Up,0.805469805
GLYMA05G36700,10.1,42.24,2.064254542,Up,0.802144802
GLYMA06G42170,9.873333333,41.24,2.062435193,Up,0.801633802
GLYMA18G14980,109.9166667,458.44,2.060322769,Up,0.820596821
GLYMA05G35050,21.03,87.47666667,2.056449397,Up,0.813442813
GLYMA20G28980,52.07,214.2966667,2.041085098,Up,0.817453817
GLYMA12G29810,27.15333333,111.65,2.039782032,Up,0.813929314
GLYMA06G02380,12.92333333,53.11333333,2.03909584,Up,0.805063805
GLYMA20G24500,19.03666667,78.20333333,2.038449218,Up,0.810709311
GLYMA14G09620,34.01666667,138.3266667,2.023765625,Up,0.813922314
GLYMA04G05550,27.81333333,112.7433333,2.019193565,Up,0.812469812
GLYMA09G24410,14.33666667,57.72333333,2.009444983,Up,0.804122304
GLYMA19G26400,16.61333333,66.75666667,2.006570351,Up,0.806365806
GLYMA07G25390,48.79,194.9,1.998076702,Up,0.814146314
GLYMA09G33070,37.64666667,150.2766667,1.997026985,Up,0.812928313
GLYMA06G14710,12.91,51.47666667,1.995429635,Up,0.801542802
GLYMA04G09500,22.30666667,87.44333333,1.970873453,Up,0.802634803
GLYMA07G08601,25.77333333,100.8133333,1.967735417,Up,0.803933304
GLYMA03G38630,25.37333333,98.92333333,1.962997793,Up,0.802820303
GLYMA09G25470,19.92333333,77.53333333,1.960357649,Up,0.8003703
GLYMA05G04870,29.36333333,113.98,1.95669304,Up,0.803880804
GLYMA09G11111,23.27,89.93333333,1.950384732,Up,0.801164801
GLYMA15G15800,34.00666667,128.6733333,1.919823591,Up,0.801178801
GLYMA15G42740,73.2,276.7233333,1.918528744,Up,0.804290304
GLYMA13G11890,66.14,243.8433333,1.882359579,Up,0.800615301
GLYMA17G11401,125.6133333,462.73,1.881181027,Up,0.801812302
GLYMA03G40720,75.03,274.2666667,1.87003983,Up,0.8002583
GLYMA10G04790,817.4766667,224.8233333,-1.862385778,Down,0.800569801
GLYMA18G27710,661.5433333,179.37,-1.882897044,Down,0.802155302
GLYMA15G03400,286.3466667,77.39,-1.887543745,Down,0.801952302
GLYMA18G04081,4016.66,1081.666667,-1.892740369,Down,0.803572804
GLYMA04G37530,172.4233333,46.42666667,-1.892929414,Down,0.8003143
GLYMA02G47560,688.8666667,184.0033333,-1.904492868,Down,0.803891304
GLYMA04G03581,154.7366667,40.54,-1.932397107,Down,0.803170303
GLYMA17G09170,130.1533333,33.84333333,-1.943268685,Down,0.803138803
GLYMA09G15450,241.78,62.75333333,-1.945930911,Down,0.806782307
GLYMA08G43230,89.28666667,23.12666667,-1.948887411,Down,0.801087801
GLYMA13G01891,170.32,44.01,-1.952344578,Down,0.805536306
GLYMA15G00515,255.9866667,66.11333333,-1.953055508,Down,0.806922307
GLYMA19G43410,115.33,29.70333333,-1.957071094,Down,0.803978804
GLYMA06G18710,67.95333333,17.19333333,-1.982695049,Down,0.800573301
GLYMA08G07880,343.3066667,86.35333333,-1.9911741,Down,0.810712811
GLYMA07G36973,77.43333333,19.45,-1.993184593,Down,0.802694303
GLYMA09G38610,1023.84,256.09,-1.999267453,Down,0.816638317
GLYMA07G40290,63.17666667,15.79666667,-1.999771659,Down,0.804916805
GLYMA02G45190,1177.716667,294.1533333,-2.001352209,Down,0.816697817
GLYMA06G05810,557.44,138.8066667,-2.005739669,Down,0.816918317
GLYMA0466S00200,160.06,39.84,-2.006323262,Down,0.813904814
GLYMA03G38260,164.57,40.95,-2.006766009,Down,0.814030814
GLYMA06G11430,58.24666667,14.42333333,-2.01377087,Down,0.804297304
GLYMA18G29605,222.4733333,54.55,-2.027981317,Down,0.816701317
GLYMA02G04320,657.7966667,160.7366667,-2.032942629,Down,0.818549319
GLYMA18G32221,328.51,80.10666667,-2.03594307,Down,0.818538819
GLYMA05G34130,76.36333333,18.61666667,-2.036285299,Down,0.81038381
GLYMA18G32211,383.2466667,93.29,-2.038478896,Down,0.818783819
GLYMA14G39820,113.75,27.36666667,-2.055374919,Down,0.815619816
GLYMA14G07841,58.65,13.87,-2.080163321,Down,0.80971531
GLYMA06G00710,301.38,70.99666667,-2.085760485,Down,0.822175322
GLYMA03G38251,63.00333333,14.83666667,-2.08626116,Down,0.811601812
GLYMA11G08750,57.30333333,13.48,-2.087798566,Down,0.81010031
GLYMA18G51320,583.68,136.0066667,-2.101500265,Down,0.823904324
GLYMA10G02451,136.7733333,31.69333333,-2.109535668,Down,0.820572321
GLYMA06G20830,74.18666667,17.11666667,-2.115758143,Down,0.816008316
GLYMA08G41460,729.42,167.4966667,-2.122617373,Down,0.825489825
GLYMA13G09807,51.22,11.71333333,-2.128555562,Down,0.810957811
GLYMA03G38930,473.5666667,107.9233333,-2.133560723,Down,0.825706826
GLYMA11G14820,109.97,25.06,-2.133651688,Down,0.82046382
GLYMA01G35681,132.5633333,30.07666667,-2.139965195,Down,0.822483322
GLYMA10G36990,220.63,49.98666667,-2.142013744,Down,0.824782825
GLYMA11G11280,52.48,11.86333333,-2.145258288,Down,0.812648313
GLYMA11G05550,49.84666667,11.26666667,-2.145436287,Down,0.811671812
GLYMA08G37270,1011.126667,228.4866667,-2.145781855,Down,0.827453327
GLYMA19G01650,43.98666667,9.933333333,-2.146716447,Down,0.809172809
GLYMA07G05320,1088.766667,245.7466667,-2.147451051,Down,0.827481327
GLYMA01G22554,68.38,15.43,-2.147836361,Down,0.816729317
GLYMA13G35950,54.05666667,12.17,-2.151143385,Down,0.813096313
GLYMA16G27995,116.51,26.05,-2.161098508,Down,0.822731823
GLYMA06G12470,99.22333333,22.17,-2.162070654,Down,0.821471821
GLYMA18G06510,739.1,165.1266667,-2.162196451,Down,0.827908328
GLYMA03G21720,224.4733333,49.89,-2.169721493,Down,0.826868827
GLYMA12G15560,32.01666667,7.05,-2.183127951,Down,0.803163303
GLYMA11G12560,43.71666667,9.61,-2.185575066,Down,0.811689312
GLYMA01G02950,43.79666667,9.623333333,-2.186212465,Down,0.811720812
GLYMA14G11160,54.75666667,12.02,-2.187597729,Down,0.815913816
GLYMA09G17260,38.48333333,8.43,-2.190629231,Down,0.808878809
GLYMA08G24180,53.98,11.81666667,-2.19160185,Down,0.815679316
GLYMA06G45370,36.77333333,7.98,-2.204199305,Down,0.808462308
GLYMA03G35990,49.74333333,10.77666667,-2.20659218,Down,0.815626816
GLYMA10G05520,28.7,6.176666667,-2.216150356,Down,0.802130802
GLYMA13G35220,85.25333333,18.25333333,-2.223596298,Down,0.824163324
GLYMA12G36098,1531.513333,326.1866667,-2.231188211,Down,0.832871333
GLYMA02G16620,75.06,15.91666667,-2.237506058,Down,0.823830824
GLYMA08G43330,105.3633333,22.27,-2.24219943,Down,0.827194327
GLYMA20G38100,370.0833333,78.00666667,-2.246180834,Down,0.833105833
GLYMA06G14100,42.29666667,8.79,-2.266608901,Down,0.815917316
GLYMA02G41070,38.29,7.94,-2.269756748,Down,0.813698314
GLYMA11G33450,36.83333333,7.626666667,-2.271887412,Down,0.812648313
GLYMA13G01560,32.96666667,6.82,-2.273164376,Down,0.80952281
GLYMA14G07830,58.54333333,12.06666667,-2.278477695,Down,0.822735323
GLYMA18G04940,66.97,13.78333333,-2.280590139,Down,0.824716325
GLYMA03G28360,80.79,16.59,-2.283862844,Down,0.827138327
GLYMA01G28396,233.2,47.87,-2.284374077,Down,0.833886334
GLYMA06G17520,186.33,38.23,-2.285082868,Down,0.833739334
GLYMA10G06210,48.96,10.04,-2.285844289,Down,0.82013832
GLYMA16G25860,587.05,120.3633333,-2.286087419,Down,0.836154336
GLYMA16G01870,773.0666667,157.82,-2.292312788,Down,0.836315336
GLYMA20G08275,250.6233333,51.13666667,-2.293090711,Down,0.834726335
GLYMA20G35270,44.87,9.106666667,-2.300756201,Down,0.819004319
GLYMA09G00560,25.72666667,5.22,-2.301142831,Down,0.802778303
GLYMA07G06800,47.74,9.673333333,-2.303113548,Down,0.82025382
GLYMA09G31810,67.20333333,13.59333333,-2.305633519,Down,0.826350826
GLYMA11G37920,149.1133333,30.12333333,-2.307455938,Down,0.833627334
GLYMA01G03260,1116.506667,223.2366667,-2.322345951,Down,0.843136843
GLYMA11G35610,26.70666667,5.336666667,-2.323189113,Down,0.81026831
GLYMA06G09730,29.15333333,5.816666667,-2.325396312,Down,0.813848814
GLYMA13G38910,83.86,16.68666667,-2.32928704,Down,0.835184835
GLYMA09G35250,24.42333333,4.85,-2.332203463,Down,0.807240807
GLYMA12G32580,679.9633333,134.83,-2.334315417,Down,0.843315343
GLYMA18G52280,60.59333333,11.96,-2.340941683,Down,0.831299831
GLYMA02G34171,244.4366667,48.10666667,-2.34515197,Down,0.842734343
GLYMA04G37140,107.2366667,21.04666667,-2.349134616,Down,0.838467838
GLYMA02G04420,97.41333333,19.1,-2.350546615,Down,0.837715338
GLYMA07G00900,31.81666667,6.226666667,-2.353250743,Down,0.817695318
GLYMA09G28870,22.70666667,4.436666667,-2.355567864,Down,0.805963306
GLYMA17G37160,96.55,18.86,-2.355946583,Down,0.838173838
GLYMA16G04740,192.9266667,37.59333333,-2.359503822,Down,0.842541843
GLYMA19G43940,27.24,5.28,-2.367116869,Down,0.813603814
GLYMA14G10820,863.9233333,167.29,-2.368552081,Down,0.845607846
GLYMA15G19510,30.97666667,5.986666667,-2.371357058,Down,0.818003318
GLYMA13G37880,762.76,147.2966667,-2.372504407,Down,0.845523846
GLYMA10G39460,1925.913333,369.4366667,-2.382143817,Down,0.846454846
GLYMA01G45200,43.42333333,8.23,-2.399506141,Down,0.828482328
GLYMA01G41450,25.25333333,4.776666667,-2.402397721,Down,0.812305312
GLYMA04G10870,19.35666667,3.64,-2.410820178,Down,0.801364301
GLYMA18G10760,406.04,76.15,-2.414705916,Down,0.846990347
GLYMA07G01680,36.67333333,6.863333333,-2.417750073,Down,0.825472325
GLYMA18G01830,336.0033333,62.76,-2.420558288,Down,0.847284347
GLYMA05G35940,34.15,6.32,-2.433889115,Down,0.824016324
GLYMA09G30171,22,4.05,-2.441509711,Down,0.808812309
GLYMA07G04010,88.34,16.22666667,-2.444700165,Down,0.841502342
GLYMA07G38390,58.03666667,10.63333333,-2.448370737,Down,0.836346836
GLYMA07G19060,58.62,10.73666667,-2.448846808,Down,0.836507837
GLYMA11G01470,92.17666667,16.78,-2.457658881,Down,0.842972343
GLYMA17G34690,377.9833333,68.73666667,-2.459170826,Down,0.84956985
GLYMA16G05350,91.49333333,16.53666667,-2.467998169,Down,0.843297843
GLYMA02G17351,231.48,41.60333333,-2.47611652,Down,0.849205849
GLYMA18G32241,151.0733333,27.11,-2.478352008,Down,0.847459347
GLYMA09G24900,23.07666667,4.136666667,-2.479894233,Down,0.812560813
GLYMA08G23540,361.84,64.64666667,-2.484704013,Down,0.85030835
GLYMA18G03220,345.7233333,61.53333333,-2.490177924,Down,0.850805351
GLYMA15G06730,26.57666667,4.696666667,-2.500451057,Down,0.819196819
GLYMA18G01730,26.59,4.696666667,-2.501174666,Down,0.819207319
GLYMA01G35660,72.18666667,12.73333333,-2.503122249,Down,0.842114842
GLYMA06G14090,48.50333333,8.553333333,-2.503525228,Down,0.835545336
GLYMA07G16400,96.49,17.00333333,-2.504561833,Down,0.845264845
GLYMA14G16704,157.06,27.62666667,-2.507182395,Down,0.849142849
GLYMA09G07070,63.02333333,11.07666667,-2.508362269,Down,0.840529341
GLYMA04G20640,3619.513333,635.63,-2.509536608,Down,0.853059353
GLYMA13G30450,21.64333333,3.793333333,-2.512384652,Down,0.811468811
GLYMA13G14190,20.61,3.59,-2.521288756,Down,0.80976781
GLYMA07G33670,6054.93,1054.026667,-2.522198914,Down,0.853524854
GLYMA06G11090,18.32666667,3.19,-2.522316077,Down,0.804136304
GLYMA06G20960,1086.123333,187.6233333,-2.533276774,Down,0.853682354
GLYMA06G00630,77.98333333,13.4,-2.540932822,Down,0.844974345
GLYMA15G15730,16.71,2.86,-2.546624681,Down,0.800860301
GLYMA16G00291,24.64333333,4.213333333,-2.54816345,Down,0.818475818
GLYMA08G08770,1944.58,332.3033333,-2.548885919,Down,0.854910855
GLYMA12G13920,120.0033333,20.43,-2.554313371,Down,0.849394849
GLYMA12G12240,61.57666667,10.44666667,-2.559341093,Down,0.842552343
GLYMA18G46111,20.22666667,3.423333333,-2.562784904,Down,0.810779311
GLYMA19G44805,101.35,16.96666667,-2.578571028,Down,0.854910855
GLYMA11G06491,197.0366667,32.9,-2.582304638,Down,0.859019859
GLYMA07G18225,46.47666667,7.756666667,-2.582997892,Down,0.843917344
GLYMA02G00380,20.40333333,3.396666667,-2.586613317,Down,0.817856318
GLYMA10G32330,56.57666667,9.416666667,-2.586918813,Down,0.847861848
GLYMA17G37020,30.48333333,5.066666667,-2.588911846,Down,0.833298333
GLYMA19G28574,539.86,89.49333333,-2.592733207,Down,0.861508362
GLYMA18G32231,246.9466667,40.77333333,-2.598501684,Down,0.86038136
GLYMA15G08300,1392.156667,226.0033333,-2.622905618,Down,0.863314363
GLYMA06G12340,26.33,4.25,-2.631172775,Down,0.82991733
GLYMA09G05090,30.65666667,4.946666667,-2.631672248,Down,0.835163835
GLYMA19G27060,45.31,7.253333333,-2.643113435,Down,0.845849346
GLYMA18G46091,18.20666667,2.913333333,-2.643724129,Down,0.814478814
GLYMA07G09880,14.45,2.31,-2.645104736,Down,0.801987302
GLYMA13G35800,1432.343333,227.64,-2.653551359,Down,0.864609365
GLYMA08G47113,14.58333333,2.296666667,-2.666707129,Down,0.803478303
GLYMA05G17432,261.03,41.05333333,-2.668644353,Down,0.863601364
GLYMA18G00926,53.82333333,8.453333333,-2.670639497,Down,0.85032585
GLYMA10G32260,21.52666667,3.38,-2.671029789,Down,0.823547324
GLYMA16G28070,97.84666667,15.25333333,-2.681398152,Down,0.858690859
GLYMA18G03035,182.6766667,28.21666667,-2.694672897,Down,0.863121863
GLYMA05G37550,16.57333333,2.543333333,-2.704071334,Down,0.812098812
GLYMA12G06760,128.8666667,19.76333333,-2.704980936,Down,0.861623862
GLYMA20G27580,18.50333333,2.836666667,-2.705516656,Down,0.817940318
GLYMA04G11005,24.23,3.713333333,-2.706007673,Down,0.82985433
GLYMA17G20020,98.42,15.06,-2.708229746,Down,0.85981786
GLYMA16G15790,326.63,49.67333333,-2.717113837,Down,0.865991866
GLYMA16G33030,951.4266667,144.4566667,-2.719455676,Down,0.867174867
GLYMA14G00993,494.6033333,74.98,-2.721694232,Down,0.866688367
GLYMA01G00930,205.4366667,31.10666667,-2.723397987,Down,0.864654865
GLYMA15G16560,81.10666667,12.21333333,-2.731363501,Down,0.858603359
GLYMA20G35210,67.06,10.06333333,-2.736344227,Down,0.856335356
GLYMA02G40670,26.58333333,3.963333333,-2.745735804,Down,0.834908335
GLYMA17G10820,41.67,6.193333333,-2.750221099,Down,0.848075348
GLYMA16G12090,15.95666667,2.37,-2.751200341,Down,0.811857312
GLYMA03G28050,29.45,4.36,-2.755867594,Down,0.838796839
GLYMA20G24930,15.17666667,2.246666667,-2.755996963,Down,0.809060809
GLYMA06G45031,142.2,20.99,-2.760147393,Down,0.864231364
GLYMA02G07180,831.09,122.6666667,-2.760261452,Down,0.868452368
GLYMA11G12410,43.99333333,6.49,-2.760994534,Down,0.84955585
GLYMA15G09820,133.1866667,19.63666667,-2.761827704,Down,0.863825364
GLYMA04G33610,207.8333333,30.46333333,-2.770281342,Down,0.866415366
GLYMA01G43040,53.04333333,7.756666667,-2.77366273,Down,0.853598354
GLYMA05G36290,13.23,1.933333333,-2.774650757,Down,0.800877801
GLYMA02G41810,48.97666667,7.12,-2.782145442,Down,0.852338352
GLYMA04G01400,74.77666667,10.86666667,-2.782678698,Down,0.859233359
GLYMA09G35210,13.9,2.006666667,-2.792211992,Down,0.804636805
GLYMA05G25810,2902.513333,416.4233333,-2.80117988,Down,0.87007287
GLYMA17G13690,13.57666667,1.933333333,-2.811967009,Down,0.808581309
GLYMA15G42980,81.23333333,11.56,-2.812930447,Down,0.865991866
GLYMA04G33360,1613.343333,228.0033333,-2.822926668,Down,0.875483875
GLYMA14G24810,14.11333333,1.986666667,-2.828637034,Down,0.811787312
GLYMA05G35170,22.06666667,3.103333333,-2.829978144,Down,0.834834835
GLYMA19G44790,29.58333333,4.14,-2.837081946,Down,0.846276346
GLYMA16G31290,344.7433333,48.09666667,-2.841513836,Down,0.874881875
GLYMA13G27725,77.59333333,10.77666667,-2.848021697,Down,0.866821367
GLYMA08G16190,55.39,7.636666667,-2.858610581,Down,0.861998362
GLYMA14G12202,44.44333333,6.093333333,-2.866663456,Down,0.858116858
GLYMA05G37860,33.7,4.62,-2.866783835,Down,0.851291851
GLYMA06G06110,14.63,2.003333333,-2.868455374,Down,0.815357315
GLYMA14G20440,44.45,6.046666667,-2.877971464,Down,0.858382858
GLYMA06G45043,355.01,48.02,-2.886152355,Down,0.876512877
GLYMA09G08300,76.98333333,10.35666667,-2.8939864,Down,0.867958868
GLYMA06G45350,36.78,4.83,-2.928826386,Down,0.855435855
GLYMA15G07691,16.29333333,2.133333333,-2.933100475,Down,0.823333823
GLYMA12G08930,771.7466667,101.0433333,-2.933153208,Down,0.878812379
GLYMA12G29471,40.83666667,5.326666667,-2.938560202,Down,0.858431858
GLYMA17G14330,23.33666667,3.03,-2.945208807,Down,0.840910841
GLYMA10G32080,863.38,111.1733333,-2.957184897,Down,0.87989738
GLYMA05G36963,131.49,16.89666667,-2.960142516,Down,0.875032375
GLYMA14G01470,194.3066667,24.76,-2.972252181,Down,0.877387877
GLYMA06G10700,33.05333333,4.19,-2.979773622,Down,0.854151354
GLYMA11G15920,14.57333333,1.83,-2.993415347,Down,0.818636819
GLYMA17G01930,18.59666667,2.333333333,-2.994579724,Down,0.832038332
GLYMA01G02060,11.16333333,1.4,-2.995269143,Down,0.805228305
GLYMA19G02600,11.78333333,1.476666667,-2.996331611,Down,0.809284809
GLYMA1784S00200,34.56666667,4.33,-2.996942558,Down,0.860500361
GLYMA07G32650,24.17333333,3.006666667,-3.007179586,Down,0.848530349
GLYMA08G40420,84.07333333,10.45666667,-3.007225246,Down,0.877104377
GLYMA15G04570,37.13,4.556666667,-3.026534573,Down,0.863135863
GLYMA0079S00240,21.87333333,2.683333333,-3.027074906,Down,0.844977845
GLYMA08G21340,81.11,9.826666667,-3.045105771,Down,0.877888378
GLYMA07G40110,29.03666667,3.516666667,-3.045595347,Down,0.856450856
GLYMA15G04620,19.46666667,2.35,-3.050273206,Down,0.84045584
GLYMA18G09920,11.89333333,1.433333333,-3.05270705,Down,0.811416311
GLYMA04G05970,19.78333333,2.38,-3.055252051,Down,0.841456841
GLYMA19G01460,23.19666667,2.786666667,-3.05730516,Down,0.848299348
GLYMA10G31110,38.10666667,4.573333333,-3.058725435,Down,0.864689865
GLYMA16G26130,818.2033333,98.16666667,-3.059154281,Down,0.887331387
GLYMA07G38780,139.0566667,16.57,-3.069027404,Down,0.883008883
GLYMA03G36100,11.81666667,1.406666667,-3.070470723,Down,0.811461811
GLYMA07G09840,61,7.213333333,-3.080071244,Down,0.874678875
GLYMA20G16920,158.3233333,18.66666667,-3.084337661,Down,0.884055384
GLYMA07G29990,56.82333333,6.693333333,-3.085686696,Down,0.873831874
GLYMA09G09220,86.56,10.17333333,-3.088908038,Down,0.87970488
GLYMA07G07150,52.05333333,6.083333333,-3.097056589,Down,0.872473872
GLYMA11G04130,11.12,1.296666667,-3.100277228,Down,0.807772808
GLYMA04G06110,66.35666667,7.62,-3.122378514,Down,0.877034377
GLYMA07G15070,80.37666667,9.173333333,-3.131258779,Down,0.87985188
GLYMA15G04610,17.30333333,1.97,-3.134782452,Down,0.836602337
GLYMA02G28212,19.39333333,2.203333333,-3.13780112,Down,0.842646843
GLYMA08G16251,33.37,3.76,-3.14974712,Down,0.863475363
GLYMA09G14880,10.59666667,1.193333333,-3.150541524,Down,0.805319305
GLYMA13G19610,114.25,12.83,-3.15460109,Down,0.883824384
GLYMA11G35130,186.2533333,20.82666667,-3.160762388,Down,0.886862387
GLYMA19G01050.10,499.5966667,55.78666667,-3.162771595,Down,0.889466389
GLYMA01G35910,130.72,14.56,-3.166397628,Down,0.88953989
GLYMA12G03390,58.40333333,6.48,-3.171984994,Down,0.880632381
GLYMA10G01400,58.83333333,6.49,-3.180343394,Down,0.880894881
GLYMA14G38970,23.57666667,2.593333333,-3.184480201,Down,0.856216356
GLYMA12G12230,71.17,7.813333333,-3.187259167,Down,0.884104384
GLYMA18G41650,21.95,2.4,-3.193114629,Down,0.853559854
GLYMA11G01990,11.35,1.24,-3.194280272,Down,0.815878816
GLYMA10G40010,16.63333333,1.816666667,-3.194711681,Down,0.84034734
GLYMA10G09750,130.3833333,14.23666667,-3.195076162,Down,0.89017689
GLYMA11G36210,9.83,1.063333333,-3.208597493,Down,0.805074305
GLYMA05G21346,357.1033333,38.11,-3.228100087,Down,0.894880895
GLYMA12G32710,31.64,3.353333333,-3.238081795,Down,0.868203868
GLYMA04G35130,317.9433333,32.98,-3.269106355,Down,0.895566896
GLYMA06G38160,40.47,4.193333333,-3.270683428,Down,0.875525876
GLYMA19G38670,25.77,2.66,-3.276194386,Down,0.862127862
GLYMA06G43630,11.31666667,1.163333333,-3.282112633,Down,0.817709318
GLYMA07G36805,22.85,2.346666667,-3.283509332,Down,0.857220857
GLYMA08G19170,52.83,5.406666667,-3.288546091,Down,0.881584382
GLYMA07G30810,17.7,1.803333333,-3.295011362,Down,0.846020846
GLYMA07G05820,17.13666667,1.743333333,-3.297166161,Down,0.844295344
GLYMA06G43490,45.53,4.623333333,-3.299812172,Down,0.878847379
GLYMA14G05550,49.02333333,4.96,-3.305056558,Down,0.88049938
GLYMA18G44340,9.473333333,0.956666667,-3.307783913,Down,0.804374304
GLYMA13G37720,33.68666667,3.396666667,-3.309986128,Down,0.871658372
GLYMA03G33020,12.89666667,1.293333333,-3.317832171,Down,0.831912332
GLYMA20G30720,127.6033333,12.74,-3.324228834,Down,0.896805897
GLYMA10G23460,42.89333333,4.2,-3.352292202,Down,0.882627383
GLYMA13G40830,20.05,1.96,-3.354676677,Down,0.857171857
GLYMA20G35280,30,2.93,-3.355989931,Down,0.873229873
GLYMA16G10880,1582.076667,153.7466667,-3.363192477,Down,0.903179403
GLYMA19G05760,17.78,1.72,-3.369774854,Down,0.851750352
GLYMA14G40220,8.89,0.85,-3.386648673,Down,0.804283304
GLYMA01G02215,49.55333333,4.723333333,-3.39110485,Down,0.886459886
GLYMA07G16760,101.1766667,9.613333333,-3.395696046,Down,0.896550397
GLYMA20G32570,216.3066667,20.42666667,-3.404552429,Down,0.901100401
GLYMA10G01690,127.8333333,12.03,-3.409555529,Down,0.898611899
GLYMA0079S00250,13.63,1.28,-3.412569847,Down,0.837396837
GLYMA12G12613,30.95,2.9,-3.415814604,Down,0.875319375
GLYMA17G08090,45.41666667,4.243333333,-3.419951906,Down,0.885213885
GLYMA03G40430,15.56,1.43,-3.443755008,Down,0.845940346
GLYMA20G35530,392.8733333,35.96666667,-3.449331883,Down,0.903788404
GLYMA08G14670,10.64333333,0.973333333,-3.450872279,Down,0.82046732
GLYMA03G35810,8.19,0.746666667,-3.45532722,Down,0.802155302
GLYMA02G44200,25.58666667,2.326666667,-3.45905577,Down,0.873313873
GLYMA15G36671,8.003333333,0.72,-3.474532186,Down,0.8002023
GLYMA10G30130,37.49333333,3.353333333,-3.482966289,Down,0.885546386
GLYMA14G38111,11.37666667,1.006666667,-3.49841996,Down,0.83028833
GLYMA17G07670,122.13,10.67666667,-3.515884425,Down,0.904211904
GLYMA08G43120,41.06666667,3.556666667,-3.529370175,Down,0.888874889
GLYMA19G01050.12,373.7233333,31.81,-3.554418364,Down,0.909388409
GLYMA13G30250,20.83666667,1.773333333,-3.554588852,Down,0.866499366
GLYMA12G20840,8.256666667,0.7,-3.560132636,Down,0.804881805
GLYMA16G26990,80.29333333,6.713333333,-3.580179025,Down,0.904785905
GLYMA18G09516,65.68666667,5.43,-3.596576453,Down,0.902447902
GLYMA07G40100,12.33333333,1.016666667,-3.600644123,Down,0.841407841
GLYMA15G02440,9.716666667,0.796666667,-3.60841336,Down,0.823417823
GLYMA17G02610,19.30333333,1.576666667,-3.613900408,Down,0.867538868
GLYMA18G15180,8.123333333,0.66,-3.621533916,Down,0.807849808
GLYMA03G33110,7.796666667,0.633333333,-3.621820538,Down,0.803852804
GLYMA10G42100,85.25666667,6.836666667,-3.640447659,Down,0.906416906
GLYMA08G07380,77.76333333,6.226666667,-3.642558107,Down,0.905296905
GLYMA14G38101,12.29333333,0.983333333,-3.644051796,Down,0.841820842
GLYMA17G31330,60.22,4.79,-3.652145147,Down,0.901747902
GLYMA13G25181,45.15,3.58,-3.656694495,Down,0.896511897
GLYMA06G05300,55.49333333,4.323333333,-3.682098485,Down,0.900953401
GLYMA04G05290,50.73333333,3.903333333,-3.700155378,Down,0.902689403
GLYMA02G09780,192.2633333,14.78,-3.701365477,Down,0.916360416
GLYMA08G18200,24.59666667,1.886666667,-3.704551358,Down,0.882434882
GLYMA15G38091,695.6466667,53.07333333,-3.712295651,Down,0.919440419
GLYMA04G40325,7.396666667,0.56,-3.723376529,Down,0.803649804
GLYMA13G26930,208.8866667,15.77666667,-3.726856081,Down,0.917130417
GLYMA17G06780,11.9,0.896666667,-3.730245996,Down,0.844067844
GLYMA11G10445,818.68,59.31,-3.786952374,Down,0.920787921
GLYMA05G28820,16.47333333,1.193333333,-3.787063518,Down,0.865260365
GLYMA06G45050,12.9,0.913333333,-3.820085768,Down,0.853654354
GLYMA17G37750,10.53,0.72,-3.87036472,Down,0.83958084
GLYMA07G07100,35.32666667,2.406666667,-3.875649385,Down,0.899493899
GLYMA14G35330,14.13,0.95,-3.894690142,Down,0.86046186
GLYMA08G44530,9.58,0.64,-3.903881846,Down,0.832220332
GLYMA19G04010,40.18,2.683333333,-3.904379376,Down,0.903035903
GLYMA08G01740,25.84333333,1.69,-3.934697013,Down,0.892700393
GLYMA08G18980,38.10666667,2.483333333,-3.939693586,Down,0.904768405
GLYMA15G37980,157.9866667,10.07333333,-3.971189742,Down,0.924301924
GLYMA20G33800,11.69333333,0.743333333,-3.975533133,Down,0.851186851
GLYMA06G06900,34.92666667,2.213333333,-3.980036315,Down,0.902871403
GLYMA19G40610,7.546666667,0.466666667,-4.015375226,Down,0.816701317
GLYMA06G43411,7.173333333,0.443333333,-4.016179927,Down,0.811769812
GLYMA16G33340,8.316666667,0.513333333,-4.01803756,Down,0.825776826
GLYMA05G28530,15.17333333,0.92,-4.043760386,Down,0.870951371
GLYMA16G32330,9.423333333,0.57,-4.047203653,Down,0.837162337
GLYMA02G37990,129.5066667,7.556666667,-4.099132571,Down,0.928781929
GLYMA09G05230,206.34,11.99,-4.105119958,Down,0.931417431
GLYMA14G37020,25.6,1.48,-4.112474729,Down,0.898709899
GLYMA12G34570,150.4233333,8.616666667,-4.125754687,Down,0.93022393
GLYMA03G39050,7.363333333,0.416666667,-4.143393419,Down,0.818087318
GLYMA11G31515,14.21333333,0.78,-4.187627003,Down,0.873261373
GLYMA12G35290,25.1,1.37,-4.195439566,Down,0.901075901
GLYMA09G27180,25.56,1.393333333,-4.19727549,Down,0.901824902
GLYMA16G25350,24.25,1.3,-4.221401219,Down,0.8998124
GLYMA15G07110,33.35333333,1.76,-4.244183618,Down,0.910879411
GLYMA13G01530,17.83666667,0.94,-4.246041461,Down,0.888339388
GLYMA10G42270,42.81,2.22,-4.269316254,Down,0.91957342
GLYMA13G35560,11.66333333,0.6,-4.280873853,Down,0.862754363
GLYMA11G15580,57.64,2.946666667,-4.289914562,Down,0.925708926
GLYMA20G32870,5.853333333,0.293333333,-4.318645511,Down,0.801255801
GLYMA08G36350,62.37333333,3.08,-4.339927105,Down,0.929446929
GLYMA01G26360,7.73,0.373333333,-4.371932183,Down,0.831152831
GLYMA18G35720,21.19,0.986666667,-4.424677007,Down,0.901418901
GLYMA09G08330,12.06333333,0.556666667,-4.4376711,Down,0.87020587
GLYMA11G21580,153.6833333,7.046666667,-4.446875935,Down,0.941112441
GLYMA12G32725,11.49333333,0.516666667,-4.475419654,Down,0.868543369
GLYMA09G28920,20.96333333,0.91,-4.525857779,Down,0.904999405
GLYMA18G52690,20.55,0.89,-4.529189248,Down,0.904057904
GLYMA17G07210,65.29,2.79,-4.548525014,Down,0.936733937
GLYMA10G05420,8.783333333,0.37,-4.56917138,Down,0.849051849
GLYMA14G09670,15.42666667,0.646666667,-4.576260307,Down,0.891657392
GLYMA08G15960,83.67333333,3.48,-4.587608698,Down,0.941871942
GLYMA06G43470,9.14,0.373333333,-4.613657934,Down,0.854606355
GLYMA10G04210,17.49666667,0.706666667,-4.629906428,Down,0.898814899
GLYMA12G36241,25.47333333,1.01,-4.656560559,Down,0.917088417
GLYMA10G02610,19.89333333,0.786666667,-4.660388771,Down,0.906598907
GLYMA18G53150,128.91,5.086666667,-4.663499816,Down,0.947559448
GLYMA13G37750,31.5,1.203333333,-4.710243587,Down,0.925852426
GLYMA0430S00200,12.66,0.466666667,-4.761741173,Down,0.884447384
GLYMA02G07990,65.27,2.273333333,-4.843538896,Down,0.945140945
GLYMA12G30870,9.886666667,0.336666667,-4.8760914,Down,0.868683369
GLYMA13G02030,6.163333333,0.206666667,-4.898333199,Down,0.824114324
GLYMA15G10870,47.69333333,1.573333333,-4.921891354,Down,0.941889442
GLYMA17G07640,6.243333333,0.196666667,-4.988492135,Down,0.827712328
GLYMA10G34700,12.49666667,0.39,-5.001925391,Down,0.88983739
GLYMA12G36200,228.2333333,7.086666667,-5.00925851,Down,0.96008946
GLYMA13G30463,18.97666667,0.583333333,-5.023762273,Down,0.913756414
GLYMA12G11420,4.903333333,0.146666667,-5.063149913,Down,0.800930301
GLYMA02G14460,17.38,0.5,-5.119356177,Down,0.911684412
GLYMA19G35810,14.52666667,0.413333333,-5.135254171,Down,0.902444402
GLYMA08G07540,162.8533333,4.41,-5.206650784,Down,0.963620964
GLYMA12G07861,43.41,1.166666667,-5.217563096,Down,0.947146447
GLYMA10G12130,5.59,0.146666667,-5.252235355,Down,0.821720322
GLYMA04G08410,95.79333333,2.51,-5.254165987,Down,0.96045696
GLYMA15G38480,5.786666667,0.15,-5.269698136,Down,0.826123326
GLYMA03G38000,14.33,0.346666667,-5.369345677,Down,0.906934907
GLYMA06G45046,10.95,0.263333333,-5.377896907,Down,0.888657889
GLYMA13G37760,5.6,0.133333333,-5.392317423,Down,0.825188825
GLYMA05G38290,42.45,1.003333333,-5.402891662,Down,0.950733951
GLYMA13G12074,19.84,0.463333333,-5.420217738,Down,0.924851425
GLYMA12G08010,77.19666667,1.77,-5.446717288,Down,0.962014462
GLYMA04G26800,129.3333333,2.86,-5.498935194,Down,0.968181468
GLYMA10G34991,8.213333333,0.176666667,-5.538866086,Down,0.867689368
GLYMA11G10460,198.9166667,4.196666667,-5.566776473,Down,0.971824972
GLYMA09G09236,11.46666667,0.23,-5.639668393,Down,0.897712398
GLYMA19G40590,6.253333333,0.12,-5.703519111,Down,0.843987344
GLYMA02G17190,23.28333333,0.37,-5.975628534,Down,0.942050442
GLYMA18G53480,20.36666667,0.323333333,-5.977043823,Down,0.936187936
GLYMA17G37900,66.09,0.993333333,-6.056010261,Down,0.97006097
GLYMA06G08540,59.43,0.873333333,-6.088515165,Down,0.968926969
GLYMA12G01160,7.273333333,0.093333333,-6.284080464,Down,0.867241367
GLYMA01G42500,7.19,0.09,-6.319922959,Down,0.866688367
GLYMA03G06420,546.24,6.636666667,-6.362932338,Down,0.986104986
GLYMA06G11060,15.39333333,0.183333333,-6.391692744,Down,0.926650427
GLYMA02G09110,5.3,0.06,-6.464886049,Down,0.834250334
GLYMA09G25056,66.23666667,0.526666667,-6.974596109,Down,0.978933479
GLYMA01G31300,272.5333333,2.046666667,-7.05701273,Down,0.99032249
GLYMA09G36640,12.12333333,0.09,-7.073645708,Down,0.917137417
GLYMA12G13020,17.00333333,0.116666667,-7.187281368,Down,0.938347438
GLYMA10G43720,11.98,0.076666667,-7.287812737,Down,0.917445417
GLYMA16G13601,10.08666667,0.05,-7.656305677,Down,0.906038906
GLYMA02G37241,3.81,0.01,-8.573647187,Down,0.801168301
GLYMA08G11660,4.71,0.01,-8.87958325,Down,0.82994883
GLYMA13G12140,4.89,0.01,-8.933690655,Down,0.834764835
GLYMA13G12191,4.89,0.01,-8.933690655,Down,0.834764835
GLYMA13G11866,4.89,0.01,-8.933690655,Down,0.834764835
GLYMA03G04055,4.953333333,0.01,-8.9522559,Down,0.836399336
GLYMA05G27130,4.966666667,0.01,-8.956134115,Down,0.836861337
GLYMA13G11880,6.766666667,0.01,-9.402301511,Down,0.872911373
GLYMA19G41090,49.91666667,0.066666667,-9.548340288,Down,0.980697481
GLYMA13G11969,7.803333333,0.01,-9.607946718,Down,0.887019887
GLYMA04G34530,11.02666667,0.01,-10.10678102,Down,0.916864417
GLYMA06G10830.10,30.01666667,0.01,-11.55154806,Down,0.968345968