GeneID,Means-CK,Means-D_24,log2Ratio (D_24/CK),Up-Down-Regulation (D_24/CK),Probability
GLYMA12G01770,6.326666667,31.87,2.332681527,Up,0.828554259
GLYMA16G04190,117.46,865.5866667,2.881508733,Up,0.887451396
GLYMA07G07360,1.01,13.52,3.742667954,Up,0.863054083
GLYMA09G00670,33.53333333,142.66,2.088913074,Up,0.831820431
GLYMA10G38710,3.323333333,20.03333333,2.591699581,Up,0.829268293
GLYMA04G35270,1.24,9.763333333,2.977033667,Up,0.801223047
GLYMA10G35521,46.62333333,228.6233333,2.293848594,Up,0.846528809
GLYMA06G44870,2.7,14.87333333,2.4616967,Up,0.802212796
GLYMA04G33033,10.21666667,43.85333333,2.101761934,Up,0.817497349
GLYMA19G22560,5.833333333,33.53,2.523060062,Up,0.83903853
GLYMA17G14800,0.46,8.826666667,4.26216295,Up,0.85038176
GLYMA08G11570,0.856666667,8.413333333,3.295871646,Up,0.804938141
GLYMA17G07720,2.256666667,15.24666667,2.756228627,Up,0.821314952
GLYMA07G35520,0.496666667,7.3,3.877546634,Up,0.81718275
GLYMA16G29750,6.83,80.09666667,3.551784721,Up,0.908748674
GLYMA01G24360,23.27,208.0366667,3.160294711,Up,0.89650053
GLYMA04G42680,2.186666667,20.56333333,3.233268926,Up,0.862583952
GLYMA03G37490,11.86333333,83.19,2.809900685,Up,0.876818664
GLYMA04G38240,1.123333333,9.106666667,3.019136987,Up,0.800809473
GLYMA12G01580,57.98333333,258.2033333,2.154797447,Up,0.838388123
GLYMA08G07340,0.186666667,60.75,8.346276272,Up,0.985595617
GLYMA19G31674,0.073333333,5.436666667,6.212109448,Up,0.842979852
GLYMA06G07151,2.323333333,13.82333333,2.572837486,Up,0.802591022
GLYMA10G11100,2.136666667,12.94,2.598403856,Up,0.805139625
GLYMA02G15571,0.723333333,8.676666667,3.584408364,Up,0.823591375
GLYMA09G09430,5.3,25.25,2.252219123,Up,0.811311417
GLYMA14G05650,2.29,159.2133333,6.119469751,Up,0.981721456
GLYMA09G39890,6.96,61.01,3.131886519,Up,0.885468363
GLYMA08G08970,3.106666667,26.9,3.114166814,Up,0.865995051
GLYMA08G14670,10.64333333,74.56666667,2.808580798,Up,0.875507246
GLYMA14G34920,0.01,8.92,9.8008999,Up,0.907606928
GLYMA01G07100,17.46333333,67.94,1.959932257,Up,0.810385295
GLYMA13G01250,1.36,15.69,3.528166796,Up,0.862552139
GLYMA20G22700,3.12,36.04666667,3.530247921,Up,0.894057971
GLYMA18G12670,1.563333333,19.47333333,3.63880253,Up,0.877893248
GLYMA19G44200,7.513333333,41.76333333,2.47471185,Up,0.842209261
GLYMA06G02591,6.55,30.33,2.211178686,Up,0.815273948
GLYMA01G08056,0.373333333,12.25333333,5.036566129,Up,0.89824673
GLYMA10G01610,23.56333333,146.7566667,2.638810495,Up,0.871078119
GLYMA03G00790,5.126666667,28.71333333,2.48562782,Up,0.833078826
GLYMA18G04580,0.286666667,5.593333333,4.286262246,Up,0.803259102
GLYMA12G14420,25.58,91.70333333,1.841957911,Up,0.803672676
GLYMA11G27760,0.01,7.08,9.46760555,Up,0.88630258
GLYMA05G33850,0.653333333,10.08,3.94753258,Up,0.849544008
GLYMA13G24461,1.676666667,12.82666667,2.935478494,Up,0.821010958
GLYMA01G35570,12.26,51.19333333,2.061996968,Up,0.817649346
GLYMA04G17600,3.39,19.07333333,2.492199818,Up,0.816811594
GLYMA20G28320,54.24,188.69,1.798588883,Up,0.804779074
GLYMA10G28680,15.24666667,61.68333333,2.016386865,Up,0.817826087
GLYMA06G14170,8.93,100.18,3.487790531,Up,0.910063627
GLYMA05G04290,15.77,116.1466667,2.880693185,Up,0.882007777
GLYMA02G36410,27.44,107.2333333,1.966401049,Up,0.816496995
GLYMA08G45580,0.646666667,9.55,3.884406581,Up,0.84165783
GLYMA01G42950,3.8,49.52666667,3.704134202,Up,0.909593496
GLYMA18G45420,3.976666667,19.11666667,2.265199443,Up,0.800894309
GLYMA13G38240,0.92,60.21333333,6.032305314,Up,0.971855779
GLYMA13G29350,6.66,43.01333333,2.691189855,Up,0.857352421
GLYMA11G14950,96.30333333,424.0433333,2.138554063,Up,0.838858254
GLYMA12G09660,20.56,96.35666667,2.228544222,Up,0.837917992
GLYMA08G40670,3.09,22.02,2.833135726,Up,0.846260163
GLYMA06G17790,21.68333333,84.69333333,1.965661856,Up,0.814213503
GLYMA11G33922,45.59333333,155.3866667,1.768967921,Up,0.801035702
GLYMA12G32470,1.403333333,13.43333333,3.2588877,Up,0.840830682
GLYMA18G48950,0.336666667,6,4.155569708,Up,0.806012725
GLYMA16G27148,7.39,70.59666667,3.255953796,Up,0.894708378
GLYMA03G40880.12,0.046666667,4.36,6.545791903,Up,0.817744786
GLYMA06G04353,20.6,80.29666667,1.962695761,Up,0.812636974
GLYMA08G15650,2.703333333,19.73666667,2.868067034,Up,0.843064687
GLYMA12G28750,114.6933333,408.47,1.832448588,Up,0.809932838
GLYMA08G05370,2.68,15.59,2.540316022,Up,0.808670908
GLYMA17G31610,0.01,4.81,8.909893084,Up,0.840533758
GLYMA10G13810,0.01,9.073333333,9.825488851,Up,0.909070343
GLYMA13G22281,10.31666667,41.82333333,2.019331141,Up,0.810551432
GLYMA04G05500,0.153333333,28.69666667,7.548067996,Up,0.967059031
GLYMA11G06790,2.426666667,23.34333333,3.265962732,Up,0.868557794
GLYMA17G32731,0.01,36.58666667,11.83710227,Up,0.977843761
GLYMA08G17100,0.163333333,6.886666667,5.397914695,Up,0.856967126
GLYMA20G29451,0.183333333,5.586666667,4.92944672,Up,0.822234005
GLYMA20G29840,5.93,38.06666667,2.682424235,Up,0.854185224
GLYMA19G40680,2.27,15.27,2.74993586,Up,0.82116649
GLYMA03G04470,1.66,15.74333333,3.245485888,Up,0.850017674
GLYMA13G42340,2.966666667,50.13666667,4.078951341,Up,0.921375044
GLYMA18G08220,49.06666667,173.48,1.821954178,Up,0.806443973
GLYMA05G33340,0.223333333,15.91,6.154591431,Up,0.933276776
GLYMA18G03930,8.346666667,81.99,3.296175899,Up,0.897384235
GLYMA17G08020,1.213333333,22.14666667,4.190041718,Up,0.904294804
GLYMA12G01450,1.733333333,49.9,4.847418788,Up,0.945535525
GLYMA03G30516,0.043333333,3.97,6.51751798,Up,0.804708378
GLYMA18G03580,0.78,7.783333333,3.318842115,Up,0.801968894
GLYMA06G45620,1.92,15.17333333,2.982359841,Up,0.832877342
GLYMA15G30088,0.206666667,14.33333333,6.115924634,Up,0.927196889
GLYMA05G23090,0.01,7.893333333,9.624490865,Up,0.89669848
GLYMA16G28410,0.446666667,6.626666667,3.891012851,Up,0.807310004
GLYMA15G39876,1.196666667,10.95333333,3.194276731,Up,0.824786144
GLYMA01G26570,0.313333333,5.643333333,4.170777406,Up,0.801003888
GLYMA05G00540,3.37,20.58333333,2.610656139,Up,0.831162955
GLYMA13G11570,10.58666667,91.44666667,3.110682171,Up,0.890339343
GLYMA18G01720,5.663333333,72.53333333,3.678920799,Up,0.91223754
GLYMA12G32230,0.41,35.47333333,6.434967183,Up,0.965659244
GLYMA15G25060,0.266666667,10.44333333,5.291400959,Up,0.89223754
GLYMA18G07970,1.553333333,19.05333333,3.616604056,Up,0.876719689
GLYMA13G40470,12.45333333,75.58333333,2.601536191,Up,0.863626723
GLYMA19G39240,47.56666667,172.98,1.862582409,Up,0.809985861
GLYMA12G26693,4.03,23.82,2.563321669,Up,0.829575822
GLYMA10G00430,28.15,112.95,2.004477443,Up,0.823368682
GLYMA06G15990,0.583333333,10.07666667,4.110554152,Up,0.855853659
GLYMA08G45590,4.773333333,45.01333333,3.237283411,Up,0.886599505
GLYMA04G04170,11.13,46.60333333,2.065979556,Up,0.81661011
GLYMA08G41450,3.213333333,29.42333333,3.194818146,Up,0.87484977
GLYMA09G26080,2.386666667,25.82666667,3.435792461,Up,0.879278897
GLYMA04G39801,16.71,75.82666667,2.18199357,Up,0.831905267
GLYMA09G11235,2.05,13.42,2.710688857,Up,0.811703782
GLYMA17G08270,5.813333333,25.59666667,2.138518408,Up,0.804994698
GLYMA01G04710,42.77666667,189.86,2.150040017,Up,0.837310004
GLYMA08G07330,0.106666667,11.11666667,6.703471046,Up,0.916553552
GLYMA15G11880,4.866666667,24.36666667,2.323903037,Up,0.8191269
GLYMA14G32430,0.516666667,47.26,6.515242009,Up,0.972831389
GLYMA19G01860,43.16333333,190.43,2.141382588,Up,0.836723224
GLYMA13G12025,26.94666667,153.73,2.512220004,Up,0.860540827
GLYMA10G08871,0.376666667,6.95,4.205652706,Up,0.82494521
GLYMA17G06290,11.57333333,58.73,2.343293191,Up,0.842527395
GLYMA05G36710,207.2766667,900.0166667,2.118393998,Up,0.838179569
GLYMA11G01891,6.033333333,28.49333333,2.239597211,Up,0.814987628
GLYMA01G44670,1.623333333,13.51333333,3.057352411,Up,0.832234005
GLYMA10G12040,0.01,4.496666667,8.812712132,Up,0.83173913
GLYMA16G01440,0.12,9.106666667,6.245816767,Up,0.896344998
GLYMA18G19760,10.62333333,43.46,2.032451656,Up,0.812067869
GLYMA15G19970,17.61333333,65.83333333,1.902150282,Up,0.804489219
GLYMA08G04276,2.24,13.88,2.631436931,Up,0.810915518
GLYMA16G02860,5.81,27.81,2.258993676,Up,0.815326971
GLYMA08G03850,8.676666667,40.77,2.232295146,Up,0.824259456
GLYMA10G07133,7.923333333,47.49666667,2.583646866,Up,0.855450689
GLYMA18G44300,3.45,34.86666667,3.337180179,Up,0.886415695
GLYMA20G26830,1.86,32.08333333,4.108449514,Up,0.913619654
GLYMA02G13120,4.006666667,39.17666667,3.289520256,Up,0.884492754
GLYMA09G24410,14.33666667,241.6266667,4.074998148,Up,0.935072464
GLYMA07G35620,0.643333333,8.066666667,3.648334295,Up,0.818020502
GLYMA09G32120,11.22333333,45.30666667,2.013222131,Up,0.811495228
GLYMA10G35871,75.63,482.67,2.674006636,Up,0.875648639
GLYMA18G44820,3.563333333,19.09666667,2.422021485,Up,0.813711559
GLYMA04G05720,2.22,56.85333333,4.678613356,Up,0.943527748
GLYMA08G26410,3.606666667,24.60333333,2.770115791,Up,0.844004949
GLYMA06G22900,0.01,6.056666667,9.242380204,Up,0.869621774
GLYMA15G01100,8.223333333,44.81333333,2.446132827,Up,0.842774832
GLYMA11G18470,0.306666667,6.243333333,4.347573228,Up,0.818985507
GLYMA11G37780,28.46,193.0266667,2.761792603,Up,0.876401555
GLYMA01G02840,7.793333333,49.83333333,2.676798649,Up,0.859996465
GLYMA07G04860,2.383333333,64.06,4.748371152,Up,0.948282078
GLYMA03G38490,3.523333333,21.97,2.640521994,Up,0.834969954
GLYMA13G31410,1.946666667,17.45,3.164149263,Up,0.849183457
GLYMA04G10100,1.45,15.78333333,3.44427712,Up,0.857787204
GLYMA13G41460,16.72666667,74.37,2.152570802,Up,0.829763167
GLYMA09G31740,3.39,331.5933333,6.611985918,Up,0.988999647
GLYMA09G12050,0.45,8.203333333,4.188213345,Up,0.841244256
GLYMA16G31908,0.636666667,7.286666667,3.516648858,Up,0.802651113
GLYMA16G32726,2.76,18.71,2.761069386,Up,0.832166843
GLYMA20G35095,14.66333333,57.54333333,1.972435694,Up,0.808766349
GLYMA17G32782,2.6,31.15333333,3.582803008,Up,0.894043832
GLYMA20G22291,0.766666667,10,3.705256734,Up,0.840622128
GLYMA02G46580,2.63,21.55666667,3.034999405,Up,0.85552492
GLYMA15G21890,133.5433333,561.8133333,2.072782907,Up,0.834301873
GLYMA03G40280,10.29,57.77333333,2.489160754,Up,0.849448568
GLYMA16G31540,0.15,8.983333333,5.904216461,Up,0.890802404
GLYMA20G36520,6.266666667,53.38666667,3.090709312,Up,0.88252386
GLYMA05G28310,6.246666667,29.21666667,2.225633138,Up,0.815252739
GLYMA07G32070,3.823333333,29.31666667,2.938818186,Up,0.859918699
GLYMA15G40110,20.65333333,89.20333333,2.110722978,Up,0.829179922
GLYMA02G46230,139.48,593.9766667,2.090347989,Up,0.835768823
GLYMA12G32200,15.09,86.63,2.521273911,Up,0.856387416
GLYMA13G37320,7.876666667,96.16666667,3.609879784,Up,0.914552846
GLYMA20G01690,1.213333333,14.5,3.579005045,Up,0.86212796
GLYMA08G07350,0.313333333,17.98,5.842550955,Up,0.935691057
GLYMA10G08420,9.36,47.71333333,2.349812044,Up,0.839268293
GLYMA18G02210,64.89,816.4066667,3.653219892,Up,0.921862849
GLYMA04G06520,3.793333333,21.53,2.504810263,Up,0.822852598
GLYMA12G13430,24.18333333,94.98666667,1.973711902,Up,0.815433015
GLYMA07G33101,3.86,21.38666667,2.470038888,Up,0.821141746
GLYMA10G06990,1.566666667,13.22333333,3.077315736,Up,0.831286674
GLYMA02G45690,1.136666667,20.80666667,4.194164713,Up,0.901770944
GLYMA07G36340,20.00333333,74.66333333,1.90015949,Up,0.806200071
GLYMA11G01881,11.05333333,54.33666667,2.297444559,Up,0.834033227
GLYMA15G30131,0.01,4.7,8.876516947,Up,0.837462001
GLYMA03G02940,8.496666667,37.95,2.159131013,Up,0.818020502
GLYMA15G11910,56.29333333,212.1633333,1.914139364,Up,0.815111347
GLYMA13G11830,0.01,8.243333333,9.687084024,Up,0.900738777
GLYMA08G00940,4.086666667,25.11,2.61926555,Up,0.839416755
GLYMA05G28260,10.24,122.7566667,3.583513756,Up,0.916263697
GLYMA19G40150,3.873333333,36.30666667,3.228586914,Up,0.88145281
GLYMA06G08070,1.253333333,9.773333333,2.963080536,Up,0.800837752
GLYMA13G39280,2.443333333,22.54,3.205564913,Up,0.86601626
GLYMA03G03670,8.9,43.84,2.300370557,Up,0.829950513
GLYMA18G13840,1.386666667,14.69,3.405141463,Up,0.853237893
GLYMA16G14385,0.01,9.15,9.837627933,Up,0.909918699
GLYMA18G14750,1.346666667,38.91666667,4.852923447,Up,0.940445387
GLYMA03G14980,16.72,66.62,1.994380507,Up,0.812506186
GLYMA06G13100,28.60666667,154.3533333,2.431813333,Up,0.856956522
GLYMA16G17820,0.01,4.896666667,8.93565618,Up,0.843131849
GLYMA02G10320,8.516666667,68.00333333,2.997244675,Up,0.884139272
GLYMA13G22650,17.00666667,66.38,1.964648231,Up,0.81009544
GLYMA15G34593,9.99,42.19666667,2.078572454,Up,0.815139625
GLYMA10G40580,1.196666667,12.79,3.417923016,Up,0.844517497
GLYMA09G39200,5.03,28.65666667,2.5102405,Up,0.834012018
GLYMA14G04291,2.77,20.30666667,2.87399556,Up,0.844312478
GLYMA17G04920,2.733333333,28.21666667,3.367814253,Up,0.880986214
GLYMA06G05740,1.963333333,50.33666667,4.680232645,Up,0.941438671
GLYMA07G38710,4.573333333,30.63333333,2.74378438,Up,0.850311064
GLYMA16G02290,0.92,9.04,3.296617006,Up,0.811293743
GLYMA07G05800,1.776666667,54.98666667,4.951836895,Up,0.950335808
GLYMA13G21580,0.516666667,13.58666667,4.716813931,Up,0.896723224
GLYMA03G30231,7.943333333,32.81333333,2.046465706,Up,0.806627784
GLYMA05G32950,7.496666667,38.40666667,2.357035597,Up,0.834938141
GLYMA18G47130,1.776666667,20.82,3.550725131,Up,0.876256628
GLYMA18G48940,0.333333333,8.746666667,4.713695815,Up,0.863527748
GLYMA01G39040,1.18,10.55333333,3.16083999,Up,0.816663132
GLYMA14G39130,3.22,40.34666667,3.647316893,Up,0.901565924
GLYMA09G29840,38.71,254.8733333,2.719002223,Up,0.875952633
GLYMA06G14880,8.65,255.06,4.881992722,Up,0.960466596
GLYMA13G24510,0.336666667,16.82666667,5.643284712,Up,0.929367268
GLYMA13G06860,1.14,40.56666667,5.153189033,Up,0.948533051
GLYMA06G46340,2.243333333,14.67666667,2.709808434,Up,0.817394839
GLYMA06G17760,13.10333333,50.94333333,1.958959498,Up,0.805740544
GLYMA09G01040,1.916666667,12.7,2.728157137,Up,0.808731
GLYMA08G03780,6.066666667,31.30333333,2.367340341,Up,0.829996465
GLYMA09G29991,1.253333333,13.13,3.38902485,Up,0.84583245
GLYMA09G32850,1.88,13.21666667,2.813553798,Up,0.818981972
GLYMA13G38050,1.783333333,28.61,4.003871202,Up,0.907104984
GLYMA17G20570,0.02,3.846666667,7.587465008,Up,0.807051962
GLYMA13G05480,2.22,26.22666667,3.562402875,Up,0.885326971
GLYMA06G07810,0.096666667,6.24,6.012383724,Up,0.857044892
GLYMA06G36590,3.733333333,54.96666667,3.880020761,Up,0.916094026
GLYMA17G17860,0.58,17.23,4.892725991,Up,0.913700954
GLYMA19G26850,63.89,241.9966667,1.921325131,Up,0.816380346
GLYMA06G01380,3.186666667,18.03666667,2.500812718,Up,0.814803818
GLYMA02G47380,9.543333333,49.12666667,2.363941183,Up,0.84038176
GLYMA18G17120,5.686666667,26.28666667,2.208676064,Up,0.810385295
GLYMA20G06290,0.98,19.23333333,4.294683259,Up,0.901251326
GLYMA01G32760,0.2,6.726666667,5.071819863,Up,0.846903499
GLYMA10G38050,0.09,7.49,6.378896907,Up,0.880265111
GLYMA02G14880,7.7,57.61666667,2.903555847,Up,0.874192294
GLYMA13G44020,0.26,22.81666667,6.455432607,Up,0.952555673
GLYMA03G41590,5.163333333,45.73333333,3.146871432,Up,0.880791799
GLYMA09G31940,6.113333333,55.46333333,3.181503186,Up,0.889353128
GLYMA12G01820,8.42,63.41333333,2.912894076,Up,0.876101096
GLYMA07G16020,34.03666667,213.6833333,2.650312726,Up,0.873089431
GLYMA14G14210,68.77666667,231.0066667,1.747943386,Up,0.800802404
GLYMA20G30320,0.06,7.396666667,6.945768951,Up,0.884015553
GLYMA20G30460,0.073333333,5.07,6.111372819,Up,0.833142453
GLYMA17G04130,8.803333333,41.13333333,2.224186188,Up,0.823973135
GLYMA10G40980,3.09,19.74666667,2.675930397,Up,0.832050194
GLYMA04G06970,127.8133333,675.11,2.401084245,Up,0.859257688
GLYMA06G06540,1.15,11.70333333,3.347213729,Up,0.837140332
GLYMA12G06910,86.09666667,287.03,1.737172245,Up,0.800480735
GLYMA09G12320,7.76,42.41333333,2.450389314,Up,0.841565924
GLYMA20G32005,62.04333333,339.11,2.450405225,Up,0.86038883
GLYMA19G11770,0.29,10.97,5.241366815,Up,0.894323082
GLYMA15G03080,73.74666667,249.97,1.761105215,Up,0.801869919
GLYMA17G05760,34.29333333,154.78,2.174219018,Up,0.837663485
GLYMA04G39970,5.243333333,122.8033333,4.549721646,Up,0.948688583
GLYMA01G43350,0.24,5.37,4.483815777,Up,0.805033581
GLYMA19G01050.13,0.01,142.9366667,13.80308843,Up,0.995853659
GLYMA18G46560,1.993333333,16.48333333,3.047753131,Up,0.84369035
GLYMA08G18801,0.773333333,20.06,4.697087396,Up,0.916422764
GLYMA17G13010,6.94,29.82666667,2.103595188,Up,0.807529162
GLYMA17G10290,4.896666667,27.32666667,2.480437594,Up,0.830848356
GLYMA10G01030,0.873333333,8.94,3.35567052,Up,0.815464829
GLYMA14G36500,0.01,4.446666667,8.79658045,Up,0.830325203
GLYMA20G22311,4.346666667,45.80666667,3.397576213,Up,0.8938883
GLYMA17G05520,30.61666667,118.2266667,1.949166354,Up,0.815418876
GLYMA10G31590,14.25666667,57.66666667,2.016100926,Up,0.816723224
GLYMA05G14791,33.28333333,126.1266667,1.922001501,Up,0.813121244
GLYMA19G02710,2.15,18.49,3.10433666,Up,0.850805938
GLYMA08G16640,0.293333333,8.09,4.785526775,Up,0.858391658
GLYMA07G09700,2.516666667,17.42,2.791158575,Up,0.829787911
GLYMA13G32060,2.34,17.35666667,2.890909471,Up,0.837504419
GLYMA18G33460,6.623333333,27.28,2.042214272,Up,0.800106045
GLYMA08G45820,11.35333333,69.57333333,2.615418509,Up,0.863174267
GLYMA15G07930,1.676666667,36.11666667,4.428996943,Up,0.926875221
GLYMA04G36920,0.23,6.34,4.784777074,Up,0.833686815
GLYMA09G01920,4.036666667,27.18666667,2.75166291,Up,0.847027218
GLYMA15G13891,4.156666667,21.30333333,2.357580222,Up,0.815691057
GLYMA08G43790,5.16,22.76333333,2.141268862,Up,0.800505479
GLYMA16G33510,2.47,25.75,3.381989485,Up,0.878168964
GLYMA11G13070,2.933333333,29.2,3.315355441,Up,0.881170025
GLYMA10G12051,0.01,7.71,9.59058705,Up,0.894602333
GLYMA19G44970,0.563333333,15.66333333,4.797258616,Up,0.906479321
GLYMA07G19335,0.01,5.76,9.169925001,Up,0.863598445
GLYMA10G28290,2.81,29.45333333,3.389788882,Up,0.882697066
GLYMA03G41600,1.776666667,28.4,3.998645992,Up,0.906861082
GLYMA19G28550,33.18,156.45,2.237315867,Up,0.842007777
GLYMA16G34570,51.53666667,303.0166667,2.555726014,Up,0.865022976
GLYMA04G14250,2.133333333,14.9,2.804131021,Up,0.821435136
GLYMA11G02630,3.82,21.55333333,2.496266463,Up,0.82282432
GLYMA11G15780,1.686666667,14.57666667,3.111414058,Up,0.838168964
GLYMA18G21870,1.11,12.28666667,3.468461989,Up,0.846383881
GLYMA01G02580,0.28,7.876666667,4.814086491,Up,0.857041357
GLYMA10G37770,24.23333333,95.44,1.97760118,Up,0.816330859
GLYMA18G44391,0.493333333,6.783333333,3.781359714,Up,0.805556734
GLYMA20G28890,12.78333333,134.4233333,3.394447602,Up,0.907073171
GLYMA04G11870,0.01,31.07,11.60130653,Up,0.973478261
GLYMA16G02390,0.126666667,13.01,6.682440234,Up,0.92708024
GLYMA17G33600,3.803333333,22.54,2.567151225,Up,0.827560976
GLYMA15G17788,0.563333333,7.836666667,3.798179387,Up,0.820636267
GLYMA10G27971,2.363333333,16.91666667,2.83955029,Up,0.834634146
GLYMA08G12340,2.963333333,20.07666667,2.760226935,Up,0.835461294
GLYMA11G34410,3.4,59.67666667,4.133560302,Up,0.926967126
GLYMA15G01550,0.57,7.59,3.735066061,Up,0.816723224
GLYMA01G38690,3.086666667,17.47,2.50075801,Up,0.813089431
GLYMA08G16850,2.283333333,17.64333333,2.949909761,Up,0.84008837
GLYMA17G09850,3.273333333,16.82666667,2.361916981,Up,0.804422057
GLYMA01G38990,0.26,6.806666667,4.710364932,Up,0.839639449
GLYMA18G45895,0.723333333,34.49333333,5.575513106,Up,0.953920113
GLYMA13G24490,15.42333333,190.3866667,3.625745943,Up,0.919045599
GLYMA14G11430,0.05,5.856666667,6.87200788,Up,0.858568399
GLYMA07G06230,4.366666667,33.41,2.935675672,Up,0.863616119
GLYMA17G14280,16.16666667,72.85666667,2.172038744,Up,0.830858961
GLYMA01G45241,3.473333333,17.92,2.367177861,Up,0.808179569
GLYMA07G37200,3.743333333,19.03666667,2.346385457,Up,0.810091905
GLYMA13G34980,0.883333333,9.916666667,3.488825404,Up,0.830180276
GLYMA08G06110,2.176666667,16.64,2.934463037,Up,0.836560622
GLYMA07G02320,0.993333333,10.4,3.388161793,Up,0.828720396
GLYMA08G08660,29.86,108.46,1.860877005,Up,0.806945917
GLYMA03G38420,2.986666667,21.71333333,2.861973082,Up,0.846624249
GLYMA08G39280,2.283333333,15.16,2.731056361,Up,0.820021209
GLYMA13G12074,19.84,101.74,2.358403068,Up,0.850537292
GLYMA06G04640,29.81333333,102.9933333,1.788521363,Up,0.80008837
GLYMA16G32550,0.103333333,6.796666667,6.03944975,Up,0.866521739
GLYMA03G04370,0.08,4.766666667,5.896836931,Up,0.822407211
GLYMA08G21190,0.59,8.403333333,3.832174853,Up,0.830084836
GLYMA12G35490,0.726666667,8.71,3.583307085,Up,0.823905974
GLYMA06G14160,2.023333333,12.27333333,2.600721205,Up,0.801498763
GLYMA18G25160,3.11,18.16333333,2.546042505,Up,0.817310004
GLYMA04G26810,38.49,137.8033333,1.84005521,Up,0.807002474
GLYMA08G14590,2.893333333,15.58666667,2.429507982,Up,0.803573701
GLYMA02G42780,0.823333333,18.1,4.458369251,Up,0.905044185
GLYMA03G26590,6.876666667,36.35,2.402174044,Up,0.835701661
GLYMA08G42500,0.63,29.95333333,5.571220922,Up,0.949600566
GLYMA18G35080,0.01,6.236666667,9.284631343,Up,0.872827854
GLYMA15G39740,7.993333333,39.21666667,2.294597757,Up,0.826769176
GLYMA03G33756,4.426666667,21.26,2.263848951,Up,0.805217391
GLYMA06G15020,2.196666667,14.73666667,2.746022364,Up,0.819112761
GLYMA01G09948,0.01,5.96,9.21916852,Up,0.867720042
GLYMA12G33130,17.18,123.8566667,2.849869583,Up,0.881721456
GLYMA05G31450,191.64,656.1766667,1.775685575,Up,0.805680452
GLYMA15G16630,2.8,18.14666667,2.696205834,Up,0.828723931
GLYMA02G44821,0.38,36.54333333,6.587465008,Up,0.967811948
GLYMA16G28480,0.66,12.23,4.211814569,Up,0.873418169
GLYMA17G34160,17.31333333,75.96666667,2.133483005,Up,0.828713326
GLYMA13G43800,5.933333333,59.56,3.327429013,Up,0.897348887
GLYMA10G00460,7.256666667,37,2.350146364,Up,0.833488865
GLYMA03G42221,0.126666667,6.446666667,5.669444566,Up,0.855705196
GLYMA04G00490,2.513333333,16.93,2.751908045,Up,0.827016614
GLYMA09G03620,0.816666667,14.87333333,4.186836859,Up,0.885535525
GLYMA16G33590,2.666666667,18.66666667,2.807354922,Up,0.838536585
GLYMA19G01690,0.34,5.896666667,4.116292991,Up,0.803647932
GLYMA19G29210,234.68,1008.903333,2.104021149,Up,0.836892895
GLYMA10G07146,6.666666667,36.48666667,2.452331857,Up,0.837939201
GLYMA14G21430,0.796666667,8.003333333,3.32855288,Up,0.804888653
GLYMA13G00211,1.3,10.92333333,3.070829644,Up,0.817253446
GLYMA13G22080,6.516666667,45.19666667,2.794010268,Up,0.861661364
GLYMA13G10490,2.283333333,14.89666667,2.705776152,Up,0.818299753
GLYMA13G00520,7.383333333,31.93,2.112568355,Up,0.810155532
GLYMA20G01930,3.723333333,49.01,3.718409462,Up,0.909639449
GLYMA01G41330,0.19,6.58,5.11401626,Up,0.845535525
GLYMA10G38910,1.36,56.29666667,5.371370946,Up,0.959763167
GLYMA08G38420,0.01,28.93,11.49835061,Up,0.971413927
GLYMA01G44910,1.303333333,23.06666667,4.145531525,Up,0.90329445
GLYMA03G15800,0.643333333,7.933333333,3.624288821,Up,0.816157653
GLYMA17G16130,15.69333333,60.14,1.938173048,Up,0.806712619
GLYMA14G21440,1.776666667,16.65,3.22827724,Up,0.852760693
GLYMA17G32830,3.513333333,23.13,2.7188529,Up,0.839876281
GLYMA14G07990,5.56,31,2.479111427,Up,0.834885118
GLYMA15G40070,4.926666667,109.8266667,4.478472719,Up,0.946051608
GLYMA19G01440,0.193333333,29.62,7.259337431,Up,0.966617179
GLYMA02G37610,0.413333333,7.866666667,4.250374834,Up,0.839918699
GLYMA16G02020,7.483333333,38.19333333,2.351567893,Up,0.834280665
GLYMA13G12090,2.763333333,31.20333333,3.497218649,Up,0.88969954
GLYMA06G20200,6.673333333,35.71666667,2.420117971,Up,0.836115235
GLYMA18G52145,2.203333333,30.60333333,3.795929125,Up,0.899328385
GLYMA15G14540,0.583333333,12.52333333,4.424154289,Up,0.882368328
GLYMA14G04530,0.363333333,12.42333333,5.095614779,Up,0.900268646
GLYMA02G13790,14.73333333,59.40666667,2.011540972,Up,0.816465182
GLYMA10G07773,0.5,10.29333333,4.363638347,Up,0.865917285
GLYMA04G09740,2.216666667,13.85333333,2.643769409,Up,0.811279604
GLYMA15G40065,2.016666667,28,3.79538228,Up,0.896716154
GLYMA06G16490,3.723333333,18.95,2.347531163,Up,0.809890421
GLYMA11G19160,0.31,6.963333333,4.489437966,Up,0.834764935
GLYMA20G06680,1.32,10.61333333,3.007268,Up,0.81330152
GLYMA03G12070,10.23333333,141.14,3.785778855,Up,0.92261223
GLYMA04G02330,36.79,137.2033333,1.898929951,Up,0.812000707
GLYMA11G29080,1.92,26.41,3.781906085,Up,0.89466596
GLYMA13G32180,0.53,10.97333333,4.371865665,Up,0.871000353
GLYMA09G31381,1.61,11.36666667,2.819676645,Up,0.808550725
GLYMA10G31890,0.426666667,6.28,3.87958325,Up,0.801120537
GLYMA20G00410,3.416666667,18.01333333,2.398403765,Up,0.810060092
GLYMA06G21910,2.306666667,22.39333333,3.279187853,Up,0.86718982
GLYMA05G25690,0.233333333,7.906666667,5.082605278,Up,0.863078826
GLYMA12G01410,1.406666667,11.04333333,2.972823299,Up,0.811049841
GLYMA15G39472,0.01,17.16,10.74483384,Up,0.951519972
GLYMA11G29460,42.94,421.9266667,3.296598176,Up,0.905270414
GLYMA08G21410,4.843333333,33.54666667,2.792097219,Up,0.854489219
GLYMA16G32733,5.926666667,26.39666667,2.155062936,Up,0.807221633
GLYMA03G37140,0.326666667,12.91333333,5.304898394,Up,0.907186285
GLYMA17G13720,2.163333333,47.1,4.444399177,Up,0.932841994
GLYMA08G39340,3.15,36.51333333,3.534999646,Up,0.894358431
GLYMA10G32850,6.093333333,27.55,2.176748749,Up,0.810028279
GLYMA08G22455,0.976666667,13.27,3.764158302,Up,0.862078473
GLYMA08G12450,0.08,5.71,6.157346935,Up,0.848398727
GLYMA09G27490,1.476666667,12.96,3.133649615,Up,0.831109933
GLYMA15G03040,4.106666667,28.35666667,2.787648198,Up,0.849586426
GLYMA13G01870,13.38,106.7966667,2.996716597,Up,0.889130435
GLYMA18G34280,11.66666667,48.79,2.064193062,Up,0.816747967
GLYMA17G11940,17.19,103.81,2.594303975,Up,0.866645458
GLYMA15G08420,0.596666667,20.99333333,5.136862265,Up,0.92854012
GLYMA15G09110,1.443333333,14.58666667,3.337173808,Up,0.851410392
GLYMA09G32440,0.906666667,9.713333333,3.421322321,Up,0.823623188
GLYMA05G08950,1.853333333,20.19,3.445446623,Up,0.869749028
GLYMA01G20700,7.746666667,45.35333333,2.54956102,Up,0.847582185
GLYMA03G03500,1.01,11.05333333,3.452054308,Up,0.834612937
GLYMA16G15166,4.233333333,24.13,2.510961919,Up,0.827868505
GLYMA16G32740,3.143333333,18.22,2.535155784,Up,0.817083775
GLYMA08G11490,13.55,58.29666667,2.105120543,Up,0.823343938
GLYMA08G18150,4.223333333,30.74333333,2.863819573,Up,0.85903146
GLYMA18G52610,3.673333333,27.47333333,2.90287024,Up,0.856677271
GLYMA09G37280,4.04,20.77333333,2.362305535,Up,0.814722517
GLYMA10G24620,4.206666667,19.76666667,2.232320194,Up,0.800106045
GLYMA16G29420,0.92,11.31333333,3.620246393,Up,0.84602333
GLYMA10G15034,31.59,135.43,2.100007513,Up,0.832212796
GLYMA05G38220,12.86666667,158.9633333,3.626983778,Up,0.918250265
GLYMA14G24860,0.05,9.276666667,7.535534598,Up,0.907239307
GLYMA05G32040,0.593333333,7.436666667,3.647741367,Up,0.81009544
GLYMA19G04410,1.07,34.05333333,4.992113323,Up,0.94028632
GLYMA15G12580,4.623333333,35.59333333,2.944601761,Up,0.865277483
GLYMA08G44590,25.97333333,128.6666667,2.308535265,Up,0.844750795
GLYMA03G18990,2.536666667,23.63,3.219613771,Up,0.86804878
GLYMA09G24790,35.76666667,124.1033333,1.79485429,Up,0.801512902
GLYMA02G10300,0.216666667,5.363333333,4.629580798,Up,0.80893602
GLYMA07G06750,0.02,5.556666667,8.118075888,Up,0.857490279
GLYMA13G04720,21.16333333,127.5,2.590858465,Up,0.868335101
GLYMA14G11420,0.233333333,6.453333333,4.78958022,Up,0.835655709
GLYMA03G21690,6.223333333,58.89,3.242263247,Up,0.89155532
GLYMA07G39490,0.266666667,6.58,4.62497818,Up,0.832760693
GLYMA07G32050,11.57333333,350.4733333,4.920428325,Up,0.962308236
GLYMA08G18760,78.56666667,307.09,1.966672276,Up,0.821594203
GLYMA13G31400,26.95666667,108.66,2.011106936,Up,0.823771651
GLYMA19G44420,2.316666667,17.53333333,2.919977917,Up,0.838879463
GLYMA05G01390,33.38666667,121.0566667,1.858338565,Up,0.80776953
GLYMA16G28447,2.57,24.62666667,3.260381101,Up,0.870385295
GLYMA12G31090,2.766666667,18.26666667,2.722992652,Up,0.829635914
GLYMA08G27010,8.94,91.29666667,3.35221545,Up,0.903276776
GLYMA18G03740,0.936666667,10.64333333,3.506270517,Up,0.836348533
GLYMA03G04920,3.803333333,19.13333333,2.330751945,Up,0.809338989
GLYMA18G43980,0.736666667,10.82666667,3.877433358,Up,0.851922941
GLYMA05G23680,1.54,11.34333333,2.880842395,Up,0.81028632
GLYMA20G29770,0.756666667,32.34333333,5.41766667,Up,0.948632025
GLYMA08G36590,0.703333333,14.80333333,4.395569667,Up,0.892484977
GLYMA17G06660,6.783333333,56.62333333,3.061330387,Up,0.882686462
GLYMA06G12400,7.16,35.05666667,2.291657333,Up,0.824001414
GLYMA18G06510,739.1,2957.293333,2.000435872,Up,0.829734889
GLYMA07G10030,1.75,31.41333333,4.165950211,Up,0.915754684
GLYMA06G35330,2.676666667,14.97,2.483564829,Up,0.80340403
GLYMA15G02350,5.086666667,28.2,2.470902701,Up,0.831608342
GLYMA09G33170,16.59333333,81.31333333,2.292888208,Up,0.839561683
GLYMA11G20180,17.29,77.90666667,2.17180892,Up,0.831760339
GLYMA05G35190,3.55,18.84666667,2.408418453,Up,0.812665253
GLYMA18G07495,46.27666667,203.42,2.136104675,Up,0.837016614
GLYMA06G02380,12.92333333,167.2866667,3.694272323,Up,0.919130435
GLYMA07G01730,75.16666667,1337.433333,4.153230142,Up,0.93999293
GLYMA13G09140,2.31,16.62,2.846955625,Up,0.833980205
GLYMA06G15211,0.263333333,5.366666667,4.349064225,Up,0.800441852
GLYMA09G02170,23.64333333,103.01,2.123279046,Up,0.831392718
GLYMA01G07390,0.53,17.77333333,5.06757811,Up,0.919469777
GLYMA20G25471,1.116666667,12.83333333,3.522625445,Up,0.850229763
GLYMA02G07990,65.27,13.26666667,-2.298614109,Down,0.837023683
GLYMA19G37124,254.9866667,65.72,-1.956017425,Down,0.820236833
GLYMA12G08010,77.19666667,7.463333333,-3.370646526,Down,0.901838105
GLYMA06G14810,68.23,18.42666667,-1.888611101,Down,0.804199364
GLYMA16G00980,60.85666667,16.3,-1.90054335,Down,0.803280311
GLYMA08G15960,83.67333333,8.816666667,-3.246462688,Down,0.896687876
GLYMA11G00230,83.28,9.883333333,-3.074900465,Down,0.888511842
GLYMA02G09220,32.27333333,2.016666667,-4.000298047,Down,0.910519618
GLYMA09G12198,39.06333333,2.516666667,-3.956229013,Down,0.912675857
GLYMA05G15191,10.55333333,1.443333333,-2.870222325,Down,0.804319548
GLYMA03G06420,546.24,36.38,-3.908317515,Down,0.932767762
GLYMA16G26990,80.29333333,16.86666667,-2.251105323,Down,0.837055497
GLYMA19G37116,81.07666667,17.93333333,-2.176643104,Down,0.832788971
GLYMA13G29760,24.27666667,5.103333333,-2.250058562,Down,0.809710145
GLYMA13G34066,11.81666667,1.773333333,-2.736287477,Down,0.803852952
GLYMA15G42680,49.85666667,8.753333333,-2.509882014,Down,0.847748321
GLYMA15G00570,44.06,8.6,-2.35706093,Down,0.83815836
GLYMA09G05090,30.65666667,1.173333333,-4.707516006,Down,0.931339696
GLYMA14G35340,42,2.32,-4.178192617,Down,0.92311064
GLYMA01G00730,65.25666667,14.12666667,-2.207704209,Down,0.831778013
GLYMA13G09820,57.40666667,7.643333333,-2.908944433,Down,0.874492754
GLYMA17G32100,92.39,15.88666667,-2.539920257,Down,0.857995758
GLYMA19G43420,104.06,28.76,-1.855280032,Down,0.80660304
GLYMA19G41090,49.91666667,8.02,-2.637847455,Down,0.858596677
GLYMA01G31300,272.5333333,18.73333333,-3.862753161,Down,0.928518911
GLYMA14G10620,259.68,50.34666667,-2.366766736,Down,0.856041004
GLYMA01G33080,22.72666667,2.866666667,-2.986940035,Down,0.852357724
GLYMA13G09730,171.61,49.24666667,-1.801035641,Down,0.804337222
GLYMA20G33880,85.41,8.713333333,-3.293108353,Down,0.897645811
GLYMA16G28590,16.79,2.8,-2.584103498,Down,0.820183811
GLYMA02G00820,7.553333333,0.566666667,-3.73654121,Down,0.816270767
GLYMA05G25851,88.03666667,18.97,-2.214384843,Down,0.835768823
GLYMA03G38000,14.33,1.813333333,-2.982322554,Down,0.829423825
GLYMA14G35330,14.13,1.37,-3.366513667,Down,0.850134323
GLYMA03G28050,29.45,2.81,-3.389625598,Down,0.882697066
GLYMA07G16850,13.95333333,1.543333333,-3.176488213,Down,0.841375044
GLYMA13G28090,35.96666667,3.273333333,-3.45782803,Down,0.892884411
GLYMA08G11870,44.16,9.313333333,-2.245370652,Down,0.827165076
GLYMA02G11151,19.56666667,3.746666667,-2.384718468,Down,0.812962177
GLYMA15G38091,695.6466667,144.9366667,-2.262932098,Down,0.846737363
GLYMA09G09236,11.46666667,0.036666667,-8.288761231,Down,0.925705196
GLYMA01G41450,25.25333333,5.07,-2.316416178,Down,0.820473666
GLYMA16G13601,10.08666667,1.02,-3.30580843,Down,0.820600919
GLYMA20G32570,216.3066667,6.466666667,-5.063912074,Down,0.964217038
GLYMA06G08190,60.04666667,15.17,-1.984863075,Down,0.810392365
GLYMA19G36791,4.63,0.01,-8.854868383,Down,0.835510781
GLYMA10G07050,103.4866667,15.79333333,-2.712057298,Down,0.871010958
GLYMA17G15480,36.15666667,7.883333333,-2.197383997,Down,0.819445034
GLYMA15G11410,13.25333333,1.926666667,-2.782176359,Down,0.813382821
GLYMA12G02385,129.1033333,23.09,-2.483186172,Down,0.858091198
GLYMA04G40710,27.60333333,5.543333333,-2.316016827,Down,0.823655002
GLYMA11G20020,154.7966667,38.85666667,-1.994140356,Down,0.820653941
GLYMA0737S00250,36.32666667,8.426666667,-2.107995027,Down,0.813609049
GLYMA04G00550,14.25333333,2.506666667,-2.507457286,Down,0.801873454
GLYMA12G10620,17.26333333,1.42,-3.603748223,Down,0.8717462
GLYMA16G07750,79.1,14.32666667,-2.464974713,Down,0.852718275
GLYMA08G40705,13.03,0.896666667,-3.861121507,Down,0.864796748
GLYMA07G38780,139.0566667,8.986666667,-3.951743011,Down,0.929406151
GLYMA16G31401,12.65333333,1.33,-3.250019341,Down,0.836550018
GLYMA19G41900,13.56666667,0.3,-5.498959983,Down,0.914662425
GLYMA20G16920,158.3233333,33.26,-2.251013819,Down,0.8426193
GLYMA08G18200,24.59666667,0.173333333,-7.148769882,Down,0.960321668
GLYMA10G30340,24.77,1.166666667,-4.408129542,Down,0.915691057
GLYMA02G11630,13.16,0.933333333,-3.817623258,Down,0.864994698
GLYMA20G33800,11.69333333,0.416666667,-4.810648748,Down,0.889388476
GLYMA19G32650,13.6,1.146666667,-3.568088682,Down,0.854637681
GLYMA17G06780,11.9,0.24,-5.631783357,Down,0.908384588
GLYMA16G07533,43.19333333,2.916666667,-3.888416236,Down,0.911661364
GLYMA01G38590,90.50666667,22.90666667,-1.982256528,Down,0.815807706
GLYMA15G04900,18.33666667,3.246666667,-2.497700226,Down,0.815592082
GLYMA11G16120,16.91,3.083333333,-2.45531389,Down,0.809536939
GLYMA18G46033,29.25666667,6.996666667,-2.064025741,Down,0.803951926
GLYMA11G33450,36.83333333,4.996666667,-2.881974081,Down,0.864393779
GLYMA11G07516,34.5,3.186666667,-3.436476339,Down,0.88786497
GLYMA09G28920,20.96333333,3.42,-2.615799905,Down,0.8322234
GLYMA07G33050,32.44666667,7.243333333,-2.1633446,Down,0.813916578
GLYMA13G10360,18.01666667,2.333333333,-2.948867791,Down,0.840996819
GLYMA19G43460,56.72666667,7.98,-2.82956644,Down,0.87195122
GLYMA03G21720,224.4733333,51.25666667,-2.130732503,Down,0.836613644
GLYMA12G12240,61.57666667,16.54,-1.896424537,Down,0.803453517
GLYMA11G21633,1947.266667,392.1033333,-2.312144655,Down,0.849855072
GLYMA14G08810,32.78333333,5.153333333,-2.669384733,Down,0.849925769
GLYMA09G12252,788.21,38.83666667,-4.343088768,Down,0.94737363
GLYMA08G18980,38.10666667,9.29,-2.036292914,Down,0.809840933
GLYMA05G27960,13.65,1.103333333,-3.62896033,Down,0.85902439
GLYMA13G09755,36.37666667,5.36,-2.762708444,Down,0.855599152
GLYMA03G39050,7.363333333,0.47,-3.969626351,Down,0.8217462
GLYMA13G01150,11.46,0.863333333,-3.730545542,Down,0.851728526
GLYMA05G22180,46.20333333,9.05,-2.352007241,Down,0.83863556
GLYMA06G04030,48.41333333,11.66333333,-2.053424266,Down,0.815839519
GLYMA10G02610,19.89333333,0.496666667,-5.3238633,Down,0.930424178
GLYMA06G20830,74.18666667,8.4,-3.142698686,Down,0.888628491
GLYMA09G40590,9.54,0.78,-3.612443237,Down,0.83212796
GLYMA14G20440,44.45,6.903333333,-2.686818366,Down,0.857995758
GLYMA02G09210,236.7166667,14.44666667,-4.034352729,Down,0.934595263
GLYMA12G08930,771.7466667,158.3066667,-2.285405335,Down,0.84854719
GLYMA12G36200,228.2333333,21.32,-3.420230168,Down,0.909925769
GLYMA16G33340,8.316666667,0.81,-3.360011597,Down,0.809190527
GLYMA02G45170,14.37666667,1.493333333,-3.267121079,Down,0.845231531
GLYMA04G33610,207.8333333,28.20333333,-2.88148947,Down,0.885061859
GLYMA09G41850,13.94666667,0.93,-3.906545824,Down,0.872149169
GLYMA06G14090,48.50333333,8.246666667,-2.556200899,Down,0.84932485
GLYMA15G06790,72.52333333,17.18,-2.0777152,Down,0.82457052
GLYMA18G46111,20.22666667,4.246666667,-2.251855808,Down,0.802308236
GLYMA05G23170,13.46333333,0.36,-5.224894929,Down,0.908172499
GLYMA11G20010,34.52,7.076666667,-2.286290594,Down,0.823524214
GLYMA09G08330,12.06333333,0.766666667,-3.975885341,Down,0.863453517
GLYMA15G23830,65.73,5.996666667,-3.454319299,Down,0.900887239
GLYMA03G36080,66.68333333,3.86,-4.11065347,Down,0.928557794
GLYMA18G44310,37.29,6.23,-2.581484729,Down,0.849982326
GLYMA03G38260,164.57,8.73,-4.236575902,Down,0.939540474
GLYMA14G06110,8.786666667,0.546666667,-4.00658265,Down,0.841010958
GLYMA02G37990,129.5066667,16.64333333,-2.960010055,Down,0.885153765
GLYMA10G06940,473.09,61.23666667,-2.949647007,Down,0.888967833
GLYMA02G03230,794.89,95.43,-3.058240451,Down,0.896648993
GLYMA15G06090,7.773333333,0.206666667,-5.233155763,Down,0.865284553
GLYMA09G07100,74.86666667,18.55,-2.012904335,Down,0.81980912
GLYMA19G43360,6.396666667,0.07,-6.513821573,Down,0.86533404
GLYMA19G44645,5.18,0.203333333,-4.671033451,Down,0.806171792
GLYMA18G05160,151.4333333,37.37666667,-2.018472987,Down,0.82699187
GLYMA15G15730,16.71,1.256666667,-3.733037806,Down,0.874987628
GLYMA11G10445,818.68,231.5533333,-1.821955126,Down,0.80971368
GLYMA14G39190,38.81,8.08,-2.264001235,Down,0.824733121
GLYMA10G01690,127.8333333,25.21666667,-2.34181459,Down,0.851392718
GLYMA02G46100,44.18666667,11.02666667,-2.002614368,Down,0.810250972
GLYMA01G31320,12.69333333,0.693333333,-4.194378045,Down,0.875860728
GLYMA07G32650,24.17333333,1.863333333,-3.697458737,Down,0.890540827
GLYMA01G45200,43.42333333,7.173333333,-2.5977549,Down,0.854220573
GLYMA16G08940,56.03666667,13.15666667,-2.090577121,Down,0.821399788
GLYMA02G02790,20.73333333,4.526666667,-2.195431101,Down,0.800332273
GLYMA11G18320,51.44,7.37,-2.803154118,Down,0.86447508
GLYMA17G08090,45.41666667,6.573333333,-2.788524773,Down,0.861742665
GLYMA18G46091,18.20666667,3.64,-2.322456458,Down,0.806557087
GLYMA14G38640,125.3366667,30.80666667,-2.024494036,Down,0.825687522
GLYMA09G05440,22.77666667,2.266666667,-3.328912475,Down,0.872697066
GLYMA15G16990,10.40333333,1.266666667,-3.037937034,Down,0.8126193
GLYMA06G09410,31.44333333,6.316666667,-2.315518819,Down,0.8277766
GLYMA10G23460,42.89333333,8.436666667,-2.346008429,Down,0.837013079
GLYMA03G35990,49.74333333,11.38,-2.128002629,Down,0.822060799
GLYMA03G38251,63.00333333,3.063333333,-4.362253894,Down,0.935768823
GLYMA07G07150,52.05333333,10.80333333,-2.268514032,Down,0.831640156
GLYMA03G24060,4.876666667,0.18,-4.759826552,Down,0.801247791
GLYMA09G09220,86.56,6.42,-3.753055297,Down,0.918345705
GLYMA01G43880,22.21666667,4.516666667,-2.298312024,Down,0.80922234
GLYMA15G24560,37.12,8.573333333,-2.114268569,Down,0.814128667
GLYMA07G37280,60.77333333,5.4,-3.492407111,Down,0.90398374
GLYMA18G46920,31.90333333,7.643333333,-2.061433314,Down,0.80659597
GLYMA19G03010,38.48,9.256666667,-2.055544123,Down,0.811505832
GLYMA17G03365,11.68666667,1.373333333,-3.089109754,Down,0.823029339
GLYMA04G14361,35.66666667,8.1,-2.138582578,Down,0.815351714
GLYMA19G37108,61.64,13.92333333,-2.146362219,Down,0.827101449
GLYMA04G10870,19.35666667,2.026666667,-3.255649805,Down,0.86067515
GLYMA16G07520,8.883333333,0.996666667,-3.155918143,Down,0.802301166
GLYMA01G24945,35.07666667,6.056666667,-2.533915736,Down,0.840572641
GLYMA13G09865,32.46333333,7.876666667,-2.043154015,Down,0.805719335
GLYMA15G07720,134.97,36.48333333,-1.887329319,Down,0.811099328
GLYMA13G09700,80.97333333,10.63333333,-2.928852945,Down,0.880053022
GLYMA1000S00300,10.24333333,1.306666667,-2.970722207,Down,0.804948745
GLYMA03G05481,6.066666667,0.22,-4.785328616,Down,0.828822906
GLYMA07G33950,77.28333333,17.22,-2.166072178,Down,0.831647225
GLYMA05G37860,33.7,6.613333333,-2.349299066,Down,0.831124072
GLYMA13G43870,29.59333333,4.19,-2.820250059,Down,0.856599505
GLYMA01G37820,14.35333333,2.01,-2.836118412,Down,0.825199717
GLYMA20G10920,21.61,4.236666667,-2.350697543,Down,0.81581831
GLYMA02G11610,54.38,4.26,-3.674150816,Down,0.907642276
GLYMA04G10880,37.07333333,9.32,-1.991979976,Down,0.801293743
GLYMA04G04500,24.43333333,0.63,-5.277355059,Down,0.93699187
GLYMA01G35030,31.89666667,7.626666667,-2.064281113,Down,0.806599505
GLYMA12G09940,12.43333333,0.47,-4.725408563,Down,0.891039236
GLYMA08G21420,29.76333333,2.213333333,-3.749243464,Down,0.897999293
GLYMA20G01910,34.32,7.14,-2.265053573,Down,0.822226935
GLYMA06G43630,11.31666667,1.163333333,-3.282112633,Down,0.829370802
GLYMA13G40501,67.93333333,13.87666667,-2.291458588,Down,0.837090845
GLYMA11G36850,45.02333333,10.33333333,-2.123367157,Down,0.819445034
GLYMA19G26400,16.61333333,1.786666667,-3.216999163,Down,0.852460233
GLYMA16G04740,192.9266667,51.99666667,-1.891561524,Down,0.812990456
GLYMA09G41440,5.136666667,0.136666667,-5.232099142,Down,0.819056204
GLYMA08G03940,45.77333333,11.83333333,-1.951650833,Down,0.802654648
GLYMA13G09722,35.42,7.526666667,-2.234481227,Down,0.820834217
GLYMA15G23520,5.206666667,0.163333333,-4.994468894,Down,0.814641216
GLYMA13G09807,51.22,7.143333333,-2.842037904,Down,0.870487805
GLYMA06G45020,18.23666667,3.203333333,-2.50919622,Down,0.815744079
GLYMA01G35660,72.18666667,11.68,-2.627692113,Down,0.864135737
GLYMA15G06081,11.91666667,0.646666667,-4.203814684,Down,0.871565924
GLYMA08G37670,9.82,1.013333333,-3.276614202,Down,0.817741251
GLYMA09G34770,46.80666667,10.83,-2.111680784,Down,0.819441499
GLYMA14G09670,15.42666667,1.666666667,-3.210388864,Down,0.848147755
GLYMA18G00620,19.36,3.336666667,-2.536599479,Down,0.81991163
GLYMA07G15930,57.71,9.076666667,-2.668586849,Down,0.862294097
GLYMA05G36100,23.46333333,4.243333333,-2.467138067,Down,0.824775539
GLYMA10G33810,7.65,0.55,-3.797956224,Down,0.818271474
GLYMA10G33650,161.4933333,20.18333333,-3.000238245,Down,0.891845175
GLYMA03G33340,11.52,0.026666667,-8.754887502,Down,0.92679392
GLYMA20G38930,21.54333333,1.543333333,-3.803119893,Down,0.887345352
GLYMA18G40652,9.986666667,0.35,-4.834576391,Down,0.877621068
GLYMA10G39060,64.88333333,4.783333333,-3.761759703,Down,0.914803818
GLYMA01G37810,11.5,1.496666667,-2.941809012,Down,0.813195475
GLYMA18G06800,6.49,0.38,-4.094147155,Down,0.814535171
GLYMA09G07070,63.02333333,15.02,-2.069001248,Down,0.821922941
GLYMA10G04210,17.49666667,0.28,-5.965509459,Down,0.936037469
GLYMA18G05890,38.7,1.873333333,-4.368654032,Down,0.926567692
GLYMA10G36990,220.63,58.62666667,-1.912000037,Down,0.815252739
GLYMA10G14980,49.41,8.046666667,-2.61833988,Down,0.857606928
GLYMA03G40860,93.71333333,13.21,-2.826623859,Down,0.878639095
GLYMA13G09690,46.16666667,8.213333333,-2.490811815,Down,0.845227996
GLYMA10G05420,8.783333333,0.28,-4.971269824,Down,0.870148462
GLYMA08G44700,19.1,0.59,-5.016713874,Down,0.921474019
GLYMA02G14460,17.38,1.32,-3.718818247,Down,0.876811594
GLYMA06G43760,23.23333333,3.383333333,-2.779678929,Down,0.842195122
GLYMA17G11310,25.81,5.88,-2.134042081,Down,0.80456345
GLYMA18G32231,246.9466667,73.81333333,-1.742246148,Down,0.800063627
GLYMA0079S00250,13.63,1.686666667,-3.014538773,Down,0.831534111
GLYMA10G06880,74.37666667,10.37333333,-2.841970533,Down,0.87641216
GLYMA13G03770,30.17333333,5.2,-2.536690556,Down,0.836861082
GLYMA09G30300,27.34333333,4.493333333,-2.605331132,Down,0.842057264
GLYMA06G14100,42.29666667,9.733333333,-2.119538103,Down,0.818041711
GLYMA14G00993,494.6033333,139.0966667,-1.830184115,Down,0.810219159
GLYMA03G40770,236.3066667,21.10666667,-3.484889671,Down,0.914521032
GLYMA15G06816,138.2533333,8.33,-4.052853959,Down,0.932622835
GLYMA07G36986,18.15333333,2.983333333,-2.605237395,Down,0.825309297
GLYMA09G38600,61.01333333,13.58333333,-2.167286993,Down,0.828299753
GLYMA08G07540,162.8533333,32.07333333,-2.344127046,Down,0.852771297
GLYMA09G05376,12.72333333,0.886666667,-3.842941036,Down,0.863018735
GLYMA08G16190,55.39,11.46,-2.273018494,Down,0.83272181
GLYMA07G33670,6054.93,1839.35,-1.718914253,Down,0.800332273
GLYMA01G41520,21.98666667,3.09,-2.830950155,Down,0.846185931
GLYMA11G31515,14.21333333,2.526666667,-2.491937685,Down,0.800714033
GLYMA18G46050,16.6,3.01,-2.463347849,Down,0.808617886
GLYMA01G02400,53.67,8.19,-2.712180531,Down,0.862410746
GLYMA15G27660,108.1466667,15.28,-2.82327275,Down,0.879597031
GLYMA15G26370,30.94333333,4.636666667,-2.738468699,Down,0.850597384
GLYMA18G43650,209.3066667,47.86333333,-2.128625485,Down,0.836387416
GLYMA19G27060,45.31,4.953333333,-3.193357876,Down,0.885768823
GLYMA08G23540,361.84,106.5333333,-1.764046994,Down,0.802697066
GLYMA10G09750,130.3833333,11.60333333,-3.490148246,Down,0.912120891
GLYMA06G04740,9.33,0.6,-3.958842675,Down,0.843121244
GLYMA03G28483,12.06333333,1.603333333,-2.911482309,Down,0.815942029
GLYMA04G04760,55.46,11.14666667,-2.31483527,Down,0.834888653
GLYMA18G35720,21.19,3.773333333,-2.48947213,Down,0.821686108
GLYMA07G25710,42.93333333,5.173333333,-3.052932131,Down,0.877129728
GLYMA12G02410,34.55,5.29,-2.707346083,Down,0.852675857
GLYMA18G52480,31.70666667,5.576666667,-2.50731127,Down,0.836977731
GLYMA02G41280,8.13,0.573333333,-3.825809288,Down,0.827108519
GLYMA10G06210,48.96,12.10666667,-2.015801856,Down,0.813856486
GLYMA17G01930,18.59666667,2.28,-3.027938321,Down,0.849204666
GLYMA08G44010,30.63333333,4.613333333,-2.731220919,Down,0.849964652
GLYMA07G37240,201.2666667,16.59666667,-3.600142836,Down,0.918882998
GLYMA15G05820,8.596666667,0.296666667,-4.856862627,Down,0.866012725
GLYMA07G09220,48.76666667,6.126666667,-2.992721098,Down,0.87379286
GLYMA02G44070,109.4566667,31.45666667,-1.79892212,Down,0.801420997
GLYMA12G06310,17.79,1.353333333,-3.716477379,Down,0.878052315
GLYMA13G33780,27.11666667,2.443333333,-3.472257242,Down,0.885030046
GLYMA12G06760,128.8666667,25.09666667,-2.360311473,Down,0.852513256
GLYMA01G37550,89.24,17.27333333,-2.369143999,Down,0.849759632
GLYMA08G14900,18.49666667,2.866666667,-2.689819238,Down,0.829169318
GLYMA17G12481,19.95333333,2.046666667,-3.285281718,Down,0.86251679
GLYMA06G10700,33.05333333,5.45,-2.600467636,Down,0.847500884
GLYMA06G15441,22.62333333,4.536666667,-2.318106946,Down,0.816178862
GLYMA05G36963,131.49,24.00333333,-2.453646413,Down,0.856861082
GLYMA15G13880,22.52666667,0.88,-4.677986516,Down,0.919798515
GLYMA06G45031,142.2,30.94666667,-2.200065538,Down,0.839105691
GLYMA04G14800,57.24666667,10.51333333,-2.444971532,Down,0.846988335
GLYMA01G31750,58.68666667,14.34,-2.032987743,Down,0.81776246
GLYMA19G25070,8.276666667,0.866666667,-3.255500733,Down,0.8026193
GLYMA06G18710,67.95333333,18.11333333,-1.907492257,Down,0.805835984
GLYMA07G37265,180.0133333,11.43,-3.97720646,Down,0.930993284
GLYMA08G18470,35.23666667,7.29,-2.273086734,Down,0.823004595
GLYMA17G03330,11.24,1.27,-3.145741633,Down,0.821463415
GLYMA09G41840,28.58,2.073333333,-3.784981932,Down,0.897150937
GLYMA15G15370,31.81333333,7.736666667,-2.03984752,Down,0.805111347
GLYMA10G33710,43.68,2.396666667,-4.187871681,Down,0.924047367
GLYMA06G12900,78.93,13.14,-2.586608474,Down,0.863803464
GLYMA09G33540,11.74666667,1.64,-2.840483704,Down,0.811816896
GLYMA05G38290,42.45,5.443333333,-2.963202264,Down,0.870180276
GLYMA14G00870,24.86666667,5.496666667,-2.177584232,Down,0.806263697
GLYMA16G28605,680.8333333,24.63666667,-4.788422694,Down,0.959766702
GLYMA17G07470,36.9,6.63,-2.476540041,Down,0.839551078
GLYMA09G25056,66.23666667,4.056666667,-4.029263404,Down,0.925457759
GLYMA02G19380,266.42,63.41666667,-2.070768436,Down,0.832955108
GLYMA16G27995,116.51,13.89333333,-3.067989104,Down,0.891636621
GLYMA03G36100,11.81666667,1.21,-3.287744174,Down,0.832728879
GLYMA18G53480,20.36666667,2.566666667,-2.988242029,Down,0.847794274
GLYMA07G05910,200.7466667,39.94,-2.329469795,Down,0.853269707
GLYMA11G10460,198.9166667,34.20666667,-2.539814731,Down,0.863025804
GLYMA01G01510,39.44,4.083333333,-3.271840303,Down,0.884337222
GLYMA06G10830.10,30.01666667,5.726666667,-2.38999624,Down,0.829954047
GLYMA06G11060,15.39333333,0.75,-4.359271267,Down,0.892792506
GLYMA12G03390,58.40333333,5.886666667,-3.31052787,Down,0.89271474
GLYMA13G35220,85.25333333,24.09666667,-1.822922654,Down,0.801081654
GLYMA15G06780,292.7,25.01333333,-3.548653514,Down,0.916122305
GLYMA13G26290,15.30333333,2.616666667,-2.548043873,Down,0.808091198
GLYMA13G35320,234.1633333,59.44666667,-1.977847366,Down,0.821767409
GLYMA03G40941,14.39333333,0.98,-3.876475183,Down,0.871279604
GLYMA06G03920,79.85333333,17.08,-2.225044657,Down,0.835828915
GLYMA01G31311,21.92,4.823333333,-2.184145377,Down,0.801502298
GLYMA07G37790,97.37333333,27.40666667,-1.828999859,Down,0.803347473
GLYMA09G31326,5.466666667,0.27,-4.339630097,Down,0.802849063
GLYMA03G38570,13.1,2.103333333,-2.638817402,Down,0.80757865
GLYMA07G11910,31.55666667,4.806666667,-2.714836158,Down,0.850250972
GLYMA02G14331,29.93333333,2.426666667,-3.624705089,Down,0.893421704
GLYMA15G07691,16.29333333,0.29,-5.812085074,Down,0.930576175
GLYMA02G11060,175.5666667,52.01333333,-1.755065556,Down,0.80049134
GLYMA08G14060,82.33,21.58,-1.931723361,Down,0.810123719
GLYMA19G31080,112.75,20.94666667,-2.428334848,Down,0.854821492
GLYMA19G43940,27.24,2.313333333,-3.557681636,Down,0.886511135
GLYMA19G38670,25.77,1.126666667,-4.515559886,Down,0.92097561
GLYMA19G44805,101.35,23.35333333,-2.117645696,Down,0.831276069
GLYMA18G43676,10.23,0.656666667,-3.961501111,Down,0.850827147
GLYMA03G28360,80.79,13.29333333,-2.603473822,Down,0.864453871
GLYMA15G04570,37.13,4.776666667,-2.958509206,Down,0.866970661
GLYMA13G01530,17.83666667,1.97,-3.178578493,Down,0.85504065
GLYMA01G36590,10.80666667,1.393333333,-2.955309243,Down,0.808890067
GLYMA15G16780,12.88,0.95,-3.76106127,Down,0.860180276
GLYMA17G01650,33.05666667,8.036666667,-2.040272105,Down,0.806129374
GLYMA12G06730,21.54333333,1.306666667,-4.043278432,Down,0.897437257
GLYMA13G24200,47.54666667,10.35,-2.199713435,Down,0.825715801
GLYMA19G43590,6.73,0.113333333,-5.891962354,Down,0.863623188
GLYMA08G18170,22.97333333,1.96,-3.551034641,Down,0.880328738
GLYMA06G10710,84.99333333,15.01333333,-2.501105358,Down,0.85534818
GLYMA05G32850,69.52666667,11.66333333,-2.57558626,Down,0.861809827
GLYMA02G34171,244.4366667,60.47,-2.015169228,Down,0.828960764
GLYMA10G40890,8.066666667,0.116666667,-6.111508315,Down,0.884036762
GLYMA04G40861,173.07,35.40666667,-2.289262735,Down,0.845397667
GLYMA12G01700,23.18,4.186666667,-2.469006603,Down,0.824220573
GLYMA10G34991,8.213333333,0.173333333,-5.566346823,Down,0.877423118
GLYMA05G05180,30.26,5.78,-2.38827059,Down,0.830240368
GLYMA16G07540,24.97333333,3.65,-2.77442003,Down,0.844577589
GLYMA01G33070,10.21666667,1.393333333,-2.874312226,Down,0.801583598
GLYMA12G25740,18.52333333,0.923333333,-4.326348359,Down,0.901760339
GLYMA12G32010,143.67,40.76333333,-1.817414907,Down,0.805486037
GLYMA08G19170,52.83,8.953333333,-2.560860606,Down,0.850954401
GLYMA08G01740,25.84333333,3.296666667,-2.970712239,Down,0.856631318
GLYMA02G17190,23.28333333,0.346666667,-6.069604682,Down,0.949165783
GLYMA13G25181,45.15,4.686666667,-3.268091894,Down,0.887338282
GLYMA14G09540,39.23333333,9.746666667,-2.009099104,Down,0.808225521
GLYMA07G19120,51.34333333,0.56,-6.518606325,Down,0.974316013
GLYMA15G24130,6.79,0.54,-3.652380262,Down,0.800636267
GLYMA18G03310,95.16,25.41666667,-1.904580435,Down,0.80903146
GLYMA04G34530,11.02666667,0.01,-10.10678102,Down,0.924860375
GLYMA07G01860,18.08666667,3.546666667,-2.350390897,Down,0.807596324
GLYMA13G09794,33.58333333,7.873333333,-2.092698969,Down,0.810282785
GLYMA09G05230,206.34,52.47666667,-1.975275534,Down,0.821322022
GLYMA13G34100,26.62333333,2.99,-3.154473823,Down,0.866542948
GLYMA03G28850,37.61,3.003333333,-3.646479796,Down,0.899840933
GLYMA17G37900,66.09,5.733333333,-3.526985932,Down,0.905867798
GLYMA14G03580,53.77666667,3.503333333,-3.940180164,Down,0.918886532
GLYMA11G10080,83.64,3.433333333,-4.606511225,Down,0.947066101
GLYMA20G27580,18.50333333,3.523333333,-2.392772316,Down,0.810996819
GLYMA16G09120,33.73666667,5.97,-2.498514599,Down,0.838345705